supplier_id,supplier_name,contact_name,contact_email,phone,country,is_active,created_at,region
1,"Rodriguez, Figueroa and Sanchez",Pamela Key,afigueroa@roberts-shaffer.biz,310.221.3125x12931,United Kingdom,True,2021-10-21 09:31:03,Europe
2,Doyle Ltd,Ariel Sandoval,ltaylor@miller.net,001-405-591-2975x1910,Singapore,True,2021-11-04 20:02:30,Asia Pacific
3,"Mcclain, Miller and Henderson",Robert Stark,carl96@smith.com,001-512-911-0633x0165,Japan,True,2023-04-01 04:51:17,Asia Pacific
4,Davis and Sons,Zachary Robinson,dthompson@bradley.biz,479.227.4907,Australia,True,2021-09-24 22:46:15,Asia Pacific
5,"Guzman, Hoffman and Baldwin",Rebecca Kelly,angela04@torres.com,323-542-8931,United States,True,2021-09-09 19:34:39,North America
6,"Gardner, Robinson and Lawrence",Sarah Thompson,moorekevin@flowers.com,(653)526-9496,United States,True,2023-11-08 19:51:35,North America
7,Blake and Sons,Renee Wolfe,swhite@sanchez.com,(245)838-0442x10175,United States,True,2022-12-08 05:13:24,North America
8,"Henderson, Ramirez and Lewis",Alyssa Haynes,bianca96@burton-alvarez.com,670-715-9591,Mexico,True,2023-01-05 03:47:22,North America
9,Garcia-James,Kristy Hart,william90@martin-brown.com,457.257.4758x339,Germany,True,2019-10-24 01:30:11,Europe
10,Abbott-Munoz,William Keith,ijohns@martin-nelson.biz,001-856-877-5677x722,France,True,2022-01-04 21:30:33,Europe
11,Blair PLC,Eric Henry Jr.,brandon48@mayer.com,4254626506,United States,True,2019-08-22 15:16:35,North America
12,Dudley Group,Daniel Fox,georgegary@brennan-serrano.com,001-723-510-6724,Singapore,False,2019-05-24 17:59:36,Asia Pacific
13,Arnold Ltd,Thomas Harris,gina51@carpenter.net,9769248433,India,False,2023-05-29 04:23:02,South Asia
14,"Mcclure, Ward and Lee",Mitchell Sellers,nathan76@mccall-martin.com,(962)570-5115x79423,United States,True,2020-06-18 21:51:08,North America
15,Williams and Sons,Erica Johnson,wesleydecker@austin.net,(670)742-5496x91928,United States,True,2022-09-03 03:22:52,North America
16,Galloway-Wyatt,Sylvia Schroeder,butlersabrina@fuentes.info,001-752-559-7107x5633,United States,False,2021-06-19 12:17:17,North America
17,James Group,Shannon Yu,larry52@preston-harper.com,574-585-9532x59399,United States,True,2021-10-14 18:49:42,North America
18,"Flowers, Martin and Kelly",Tom Foster,jenniferjohnson@walker.com,997.905.8162x9518,Canada,True,2023-06-02 22:53:34,North America
19,"Adams, Zuniga and Wong",Eric Taylor,kyleclark@coleman.com,+1-541-276-3425x073,United Kingdom,True,2019-02-01 01:13:56,Europe
20,"Reid, Ferguson and Sanchez",Travis Conner,hamptonkatherine@gonzalez.net,359-678-2457x59833,United States,True,2022-11-03 12:49:54,North America
21,Gray-Mayo,Marie Thompson,harrisonrebekah@jones.com,001-403-688-4366x0443,Germany,True,2023-05-07 10:14:33,Europe
22,"Watts, Robinson and Nguyen",Melissa Mcfarland,pattonsamantha@matthews.com,4069157276,United States,True,2022-07-08 21:14:40,North America
23,Perez Inc,Courtney Chapman,anthony24@bailey.org,001-251-347-4397x42925,United States,False,2023-10-17 03:05:13,North America
24,Morales-Jones,Eric Barker,williamjones@hines.com,2588752568,United Kingdom,False,2019-06-20 21:26:03,Europe
25,"Walter, Edwards and Rios",Nicholas Rush,rachelmedina@garcia.info,+1-256-425-9045x9908,Canada,False,2021-01-01 19:14:28,North America
26,Wilkerson-Day,Jenna Gamble,helen27@rosario.biz,311.822.1823x1555,Brazil,True,2021-06-18 19:49:40,Latin America
27,Baker and Sons,Amanda Guzman,olewis@rodriguez-rollins.com,417-368-0866x28137,United States,True,2023-12-07 14:35:44,North America
28,"Hoffman, Baker and Richards",Tracy Walker,irodriguez@farmer-bush.net,001-443-430-8003x70033,Canada,True,2023-09-23 03:54:49,North America
29,"Ross, Robinson and Bright",Taylor Taylor,millertristan@campbell-burke.com,555.266.0847x06810,Australia,True,2021-10-21 08:07:14,Asia Pacific
30,"Snyder, Campos and Callahan",Cynthia Haas,aperez@mercer-patterson.com,439.870.5195,United States,True,2022-09-23 06:14:27,North America
31,Burton Ltd,Stephen Davis,xcrosby@smith.info,828.409.4485,Germany,True,2020-04-18 18:02:41,Europe
32,Carlson-Cruz,Margaret Tanner,sandersalexandra@miller.org,694.953.5461,United States,True,2022-07-14 18:46:15,North America
33,"Ferrell, Rice and Maddox",Derek Wright,figueroapatricia@brown.com,8793863210,United States,True,2022-11-08 05:12:11,North America
34,Frazier Inc,David Rodriguez,brookeewing@hall.info,001-633-594-3945x7039,South Korea,True,2023-02-15 05:40:51,Asia Pacific
35,"Dyer, Potter and Mack",James Oconnor,kathy99@avila-owen.biz,404.903.2537x65769,Singapore,True,2022-05-19 19:33:04,Asia Pacific
36,Rodriguez-Graham,Stacey Snyder,thomas96@dixon-hernandez.info,689.243.1910x0900,India,True,2021-05-09 14:23:33,South Asia
37,Smith-Bowen,Joshua Garcia,martineztracy@fuller.com,676-892-1053x3651,United States,True,2020-07-26 14:39:41,North America
38,"Baker, Mason and White",Sean Curtis,rojasmaria@gregory-stanton.biz,+1-404-201-4247x3107,United States,True,2020-12-28 19:31:00,North America
39,Harrell LLC,Carla Jones,eric99@wolf.net,913-379-8440,France,True,2020-02-01 08:31:38,Europe
40,"Romero, Gonzalez and Brooks",Elizabeth Flores,msparks@bates-henry.com,001-223-216-6007x6762,United Kingdom,True,2021-08-25 03:29:31,Europe
41,Ryan PLC,Angela Jackson,lisa88@cisneros.biz,+1-814-947-3404x33700,United States,True,2023-03-26 17:51:25,North America
42,George Group,Nicholas Payne,reyesleonard@ramos-johnson.com,404.751.9577,Canada,True,2022-12-06 17:48:16,North America
43,Rodriguez LLC,Anna Wheeler,nicole27@taylor-baldwin.info,+1-658-482-5562x96575,United States,True,2022-02-23 04:12:47,North America
44,Allen-Allen,Karen Johnson,carrolltracy@jennings.com,+1-478-265-6194x25577,Spain,True,2020-06-14 19:00:58,Europe
45,"Arroyo, Miller and Tucker",Carmen Preston,myerstroy@jensen-gomez.com,282-395-8292x36161,United States,True,2023-10-11 22:33:26,North America
46,Spence PLC,Brian Harris,bryan90@hood.org,001-704-782-3571,France,True,2023-10-09 10:14:23,Europe
47,Anderson Group,Michael Bowen,hubbardcolleen@davis-reed.com,+1-568-963-9561,United States,True,2019-07-05 04:43:34,North America
48,"Martin, Rose and Obrien",Deborah Campbell,qbell@wright.com,(530)881-7214,Canada,True,2023-06-07 21:13:45,North America
49,Hickman Ltd,Anthony Armstrong,lozanocameron@wilson-jackson.net,338-613-0004x1321,Australia,True,2022-06-25 03:56:41,Asia Pacific
50,"Harris, Collins and Carney",Brittany Ward,benjamin69@valenzuela.org,616.856.0945x653,United States,True,2019-05-11 11:28:53,North America
51,"Brooks, Lam and Hayes",Edward Stanley,odomnicholas@morris-davis.info,+1-697-999-0707x550,Singapore,True,2022-04-04 01:33:38,Asia Pacific
52,Walker LLC,Christina Johnson,vazquezjamie@shaw-hubbard.com,(981)669-9570x6071,Brazil,True,2022-07-03 12:17:25,Latin America
53,Chapman and Sons,Edgar Miller,christinacox@harris-reid.com,+1-911-231-7653,South Korea,False,2020-05-13 09:53:48,Asia Pacific
54,"Robinson, Jones and Welch",Elizabeth Sanders,karlwilliams@morales.com,348-473-9610x29087,Spain,True,2023-05-04 08:06:37,Europe
55,Jones Inc,Matthew Davis MD,vargasjoshua@solis.com,949.668.0491x872,Australia,False,2023-10-12 09:28:22,Asia Pacific
56,Jones-Young,Stephen Wood,william46@fernandez.org,(504)995-6121,Italy,True,2022-12-28 06:54:21,Europe
57,"Washington, Ryan and Cummings",Dennis Marshall,jpowers@ibarra.net,530.962.6042x3597,United States,True,2022-09-12 03:30:03,North America
58,"Johnston, Sanchez and Kennedy",Derrick Brown,barbaralewis@hurley.org,001-811-222-2990x775,United States,True,2021-02-20 18:24:48,North America
59,Lee-Davis,Mary Miller,umichael@brown.com,001-385-381-6704x686,United States,True,2022-02-09 09:37:58,North America
60,Gomez-Jenkins,Joshua Arellano,juliecannon@jenkins-dalton.com,245-476-8321,United States,True,2022-12-26 02:13:08,North America
61,"Brown, Valdez and Lucas",Kristen Randall,meghanadams@lucas-scott.org,992-337-8584,United Kingdom,True,2019-05-02 20:07:03,Europe
62,Powell LLC,Jennifer Nichols,richardwilson@johnson.info,+1-729-261-8033x24260,United States,False,2022-02-24 18:26:06,North America
63,Wright and Sons,Karen Keith,bcastro@lucas-johnson.com,501.984.9804x25373,India,True,2023-09-15 20:53:22,South Asia
64,"West, Henderson and Ramirez",Blake Orr,derek44@pierce.info,373.912.6881x2282,United Kingdom,True,2022-09-18 01:01:01,Europe
65,Baxter Inc,Kathryn Lester,brownpeggy@guzman-camacho.biz,819.223.6534x60605,United States,True,2019-09-04 19:16:48,North America
66,Morton-Chase,Megan Oliver,emily16@cameron.net,856.479.3279,Australia,True,2023-05-30 09:36:23,Asia Pacific
67,Williams PLC,Peter Thompson,boydmaria@king.com,898.347.1690,United States,True,2020-01-13 01:13:39,North America
68,Novak and Sons,Dr. Rhonda Martinez,mark96@manning.com,+1-712-605-4647,India,True,2021-12-03 01:24:54,South Asia
69,Russell Group,William Graham,jasonhill@king-lawrence.info,+1-495-947-8769,United States,True,2020-04-18 23:55:30,North America
70,Hancock Inc,Lori Flowers MD,holly15@coleman.com,517-758-8914x44498,Singapore,True,2021-10-10 16:29:46,Asia Pacific
71,Gray Group,Suzanne Jones,thomas54@brewer.com,539-435-4358x64496,Brazil,True,2023-10-27 15:28:30,Latin America
72,House-Glover,James Nguyen,vazquezkristina@king.com,001-543-558-8537x98214,United States,True,2022-09-21 15:19:46,North America
73,Henderson-Bernard,Jimmy Marks,rebecca18@mathews.com,+1-752-475-3674x978,United States,True,2020-05-20 13:20:39,North America
74,"Stanley, Tucker and Lee",Lisa Mills,qpennington@davis-carson.com,991-941-6860x134,India,True,2023-05-29 06:52:47,South Asia
75,Novak PLC,Jason Hernandez,jason27@stewart.com,+1-894-989-6340,France,False,2023-09-28 20:21:50,Europe
76,"Daniels, Adkins and Brown",Olivia Ayers,michelle77@gutierrez.com,+1-217-366-5122x150,Japan,True,2023-12-12 10:34:42,Asia Pacific
77,"Woods, Calhoun and Schmidt",Kristine Garcia,hollyhunter@fisher-daniel.net,218-384-2163x090,Brazil,True,2020-12-19 23:36:33,Latin America
78,Yu Inc,Joseph Cooper,shawn00@may.com,594-446-3339x99485,United States,True,2022-02-07 00:15:54,North America
79,Jones Inc,James Washington,moralescourtney@johnston-rodriguez.com,2894532638,United Kingdom,True,2023-03-23 10:49:23,Europe
80,"Hensley, Powell and David",Amanda Hill,melaniejennings@hayes-russo.com,599-547-1136,United States,False,2023-12-03 22:57:48,North America
81,"Sanchez, Wheeler and Harvey",Lee Steele,glenn95@gonzalez-perry.com,892.923.4103x469,Mexico,True,2019-10-02 20:48:59,North America
82,Sandoval-Cunningham,Steve Rivera,kwalter@smith.net,831.216.7726,Germany,True,2019-12-22 03:42:25,Europe
83,Donovan-Harris,Patrick Mccall,rebeccamccann@green.com,+1-943-876-8550,United States,True,2022-04-08 06:16:15,North America
84,"Edwards, Baker and Anderson",Alicia Roth,mwilliamson@hernandez-rubio.com,793.752.1962x633,United States,True,2023-09-25 14:15:56,North America
85,"Evans, Stewart and Walton",Douglas Vasquez,smithalicia@wilcox-snyder.com,(243)843-6970x9317,United States,False,2022-10-10 17:57:46,North America
86,Smith PLC,Annette Melton,jamesatkins@roberts-snyder.com,001-355-860-7676,United States,True,2022-10-03 11:54:12,North America
87,"Ferrell, Jones and Lewis",William Ramos,mgates@carney.com,553-245-4722x398,Japan,True,2020-06-28 16:01:14,Asia Pacific
88,Anderson-Bailey,Debra Butler,ywhite@johnson.com,(650)931-2198x0418,Germany,True,2022-01-08 00:03:26,Europe
89,Suarez LLC,Chelsea Lewis,xsolomon@sutton.com,(442)364-2364,Netherlands,False,2023-09-28 10:20:03,Europe
90,Moore-Bass,Natalie Malone,terri63@reyes.com,819.409.2487,Canada,True,2021-04-04 00:38:15,North America
91,"Turner, Riggs and Roman",Samantha Robertson,hawkinsbrett@ruiz.org,303.991.1142,United States,False,2023-07-13 14:33:29,North America
92,"Smith, Montoya and Evans",Eric Hunter,smithwilliam@turner-foster.com,+1-452-628-2305,Japan,True,2023-12-09 20:29:43,Asia Pacific
93,"Garcia, Humphrey and Baker",Samuel Suarez,tammyhansen@white.com,708.680.6220x72239,Brazil,True,2020-06-15 09:05:29,Latin America
94,Newton and Sons,Corey Whitaker,uanderson@moreno.com,237.621.3290x162,Australia,True,2022-11-21 06:16:35,Asia Pacific
95,Campbell-Clark,Danielle Bryant,victormcpherson@adkins-howe.com,887.668.8687x859,Brazil,True,2021-03-27 01:38:02,Latin America
96,Harris-Walters,Michele Hill,chloe48@graham-martin.info,862.887.2031x95419,Canada,True,2023-10-12 09:24:21,North America
97,Wagner-King,Kathy Reid,angelalivingston@yates.com,(445)605-7303x6279,Canada,True,2022-12-06 23:04:48,North America
98,Davis Group,Andre Watson,barrygreen@mcdonald.info,(932)403-7476x7753,United Kingdom,True,2022-02-12 03:04:21,Europe
99,Williams-Cook,Cassandra Harrell,alexandervanessa@washington.com,(603)721-4505x76619,United States,True,2023-01-12 11:19:49,North America
100,Walsh LLC,Hannah Martin,baileyjames@white-jackson.net,487.607.1553x48201,United States,True,2021-07-07 18:15:56,North America
101,Figueroa PLC,Nicole Barker,anna93@bolton.com,7089385076,United States,True,2023-02-22 10:50:49,North America
102,"Patterson, Smith and Jones",James Martin,pknapp@rhodes-clay.com,(295)345-0891x776,Germany,False,2022-11-09 07:40:54,Europe
103,"Mckee, Gardner and Davenport",Traci Vincent,erin16@garza-bean.com,(865)674-2231,United States,True,2020-12-23 17:36:59,North America
104,"Tran, Jordan and Williams",Megan Adams,anthonystevens@keller.org,(830)604-0236x9362,Canada,False,2022-07-30 10:39:48,North America
105,Nolan-Flynn,Alejandro Deleon,riverabradley@tapia.org,901.420.4713,Spain,False,2023-04-22 10:08:11,Europe
106,Nolan and Sons,Alexa Buck,jasonwilliams@campbell.net,+1-771-417-5957x49885,United States,True,2021-07-21 12:04:54,North America
107,"Wright, Garcia and Deleon",Lindsay Smith,qdavis@allen.com,+1-998-849-3306x74584,United Kingdom,True,2023-10-03 02:41:20,Europe
108,Dickson-Brady,Robert Torres,phelpsfrank@mitchell-goodwin.com,5949412833,Japan,True,2023-01-20 11:56:55,Asia Pacific
109,Hancock and Sons,Maria Coleman,evanslaurie@drake.com,(718)685-6669,United States,True,2021-09-21 02:01:03,North America
110,Johnson-Doyle,Gregory King,elizabeth58@burns.info,832-897-1506,United States,True,2023-09-06 09:08:30,North America
111,Patton-Jenkins,Michael Holloway,anna61@shepherd-austin.biz,(967)905-5143,United States,True,2020-09-18 16:42:43,North America
112,"Shields, Cochran and Adams",Brian Hunt,gdavis@mcpherson-rhodes.com,(793)866-3439x2529,United States,True,2020-04-24 21:35:30,North America
113,"Rodriguez, Brennan and Garrison",Sarah Brooks,prose@miller.info,311-410-2867,Italy,True,2020-10-08 01:21:57,Europe
114,Gonzalez Group,Lisa Evans,edgar24@mills.org,3072202455,India,True,2023-02-06 16:21:22,South Asia
115,Torres-Pope,Arthur Mcneil,arnoldsamantha@rodriguez.org,(245)510-9109,Germany,True,2022-04-15 15:21:53,Europe
116,Walker Ltd,Shannon Green,michael91@smith.com,(367)614-9498,Netherlands,True,2020-12-13 01:33:52,Europe
117,Ross LLC,Stephanie Evans,awilliams@evans.info,(517)694-2817,India,True,2022-10-09 21:54:19,South Asia
118,Rasmussen LLC,Ralph Yoder,matthew23@miller.com,6658277584,United States,True,2022-01-30 19:28:14,North America
119,May-Ross,Rebekah Greene,hamiltonandrew@wilson-jackson.info,(434)353-3722x01091,Spain,True,2019-04-21 05:37:22,Europe
120,"Rivera, Johnson and Wiley",Melanie Griffith,qholt@guzman.org,322.614.5593x766,Australia,True,2023-04-23 09:58:27,Asia Pacific
121,White-Estes,Yolanda Green,hannah64@martinez.com,001-637-805-2635x100,India,True,2023-05-18 09:45:15,South Asia
122,Johnson-Carlson,James Johnson,cabreraheather@trevino.info,(777)465-7256,Spain,False,2022-04-08 07:32:36,Europe
123,Chandler-Edwards,Laura Lee,debragraham@garrison.info,4245617520,United States,True,2023-02-22 00:17:20,North America
124,"Joyce, Wilson and Lam",Courtney Nichols,thomasjohnson@barrera.info,297.343.2600x55955,United States,True,2021-07-11 12:06:14,North America
125,Scott Ltd,Susan Powers,cruiz@sanchez.biz,583.832.5848x6899,United States,True,2023-10-27 23:00:16,North America
126,Smith-Frost,Sarah Pittman,cookcurtis@reynolds.org,001-307-998-4870x45069,United Kingdom,True,2022-09-25 08:32:49,Europe
127,"Mcdaniel, Bentley and Mclaughlin",Catherine Davis,benjamin67@garza.info,(679)893-5937x44039,India,True,2022-10-25 21:00:36,South Asia
128,Diaz Inc,David Stokes,jenniferrice@ray-tran.com,308-630-3736x060,Mexico,True,2020-02-02 09:23:12,North America
129,"Mccall, Hanson and Alvarado",Catherine Frazier,hsmall@dean-lucas.info,+1-586-608-4907,United States,True,2023-12-08 14:03:18,North America
130,Cortez LLC,Brandon Kelly,ssmith@lee.com,001-913-268-5283x06153,Canada,True,2021-11-27 04:03:29,North America
131,"Parker, Ortiz and Powell",Elizabeth French,sandra72@sharp-myers.biz,524-424-4626,United Kingdom,True,2020-11-02 21:17:44,Europe
132,Spencer-Lee,David Carter,laura29@campbell.com,(314)648-8112x103,United States,True,2019-11-26 15:26:17,North America
133,"Bentley, Byrd and Orr",Julie Delacruz,manderson@obrien.biz,(317)951-8878,United States,True,2022-12-11 12:42:13,North America
134,"Carroll, Sullivan and Bass",Terry Jones,ntorres@williams.com,+1-394-315-1526x38409,United States,True,2022-08-13 21:58:35,North America
135,Mitchell-Jordan,Kathryn Dillon,greggvillarreal@johnson.org,(225)728-8375,South Korea,True,2023-04-09 19:31:35,Asia Pacific
136,"Lawson, Morris and Ramos",Edwin Brown,davidwalker@chaney-glover.com,(961)986-3239x7913,United States,True,2023-09-03 17:32:19,North America
137,"Lewis, Kennedy and Santana",Brenda Gonzalez,paula89@garcia.info,(755)830-0730x9505,Canada,True,2019-11-07 10:27:51,North America
138,"Jackson, Miller and Robertson",Keith Knox,villegaskimberly@casey.com,001-905-971-2198x8192,France,True,2023-10-30 08:41:18,Europe
139,"Harvey, Davis and Crane",Eugene Baldwin,jacksondavid@bartlett.com,+1-885-619-0534,United Kingdom,True,2020-08-31 15:40:44,Europe
140,Chambers and Sons,Katherine Welch,fgill@harrell.com,7108424624,Singapore,True,2023-02-19 01:54:43,Asia Pacific
141,Hernandez Inc,Mark Smith,allisonscott@hammond-smith.info,285-617-4460,Singapore,True,2023-06-29 01:35:06,Asia Pacific
142,Riggs PLC,Philip Jackson,justin21@watson-fischer.com,321-428-9915x11455,United States,True,2022-12-23 11:59:56,North America
143,Gibson Ltd,Katherine Gallagher,edwardmolina@cobb-taylor.biz,001-339-613-0448,Canada,True,2023-09-11 07:05:43,North America
144,"Lee, Horton and Snyder",Lucas Schultz,dhardin@norton.com,+1-641-260-4615,United States,True,2021-08-07 08:15:52,North America
145,Hernandez Ltd,Vincent Reyes,robbinszachary@miller.biz,(711)890-1707,United States,True,2022-05-21 11:33:03,North America
146,Stafford Inc,Curtis Watson,ryanlong@keller.com,+1-414-429-8315,United States,True,2023-06-16 08:22:58,North America
147,Robinson-Brock,Frank Whitaker,levinetina@liu.net,+1-691-507-3228x3608,Germany,True,2022-12-13 09:49:33,Europe
148,"Holmes, Williams and Wright",Michael Sims,jennifer55@wilcox.org,883.806.3963x8452,Canada,True,2021-10-29 01:41:01,North America
149,Bryant Group,Michael Cooper,isabellagriffin@clay.org,001-944-239-1649,United States,True,2022-11-30 15:23:04,North America
150,"Schmidt, Hansen and Stewart",James Chapman,zterry@sullivan.com,369-534-2929,United States,True,2023-07-21 19:55:54,North America
151,Salazar-Ball,Rodney Evans,peter28@campbell.net,(603)330-1623,Spain,True,2021-09-15 06:48:09,Europe
152,"Simmons, Meadows and Griffin",Nicholas Carlson,katherine20@zamora.org,001-903-410-6153,United States,True,2020-04-05 01:12:31,North America
153,Manning Group,Stephen Cowan,john46@rodriguez.net,(515)456-6847,United States,True,2023-10-09 00:55:41,North America
154,Green-Wright,Steven Howard,david17@armstrong-smith.com,265.633.7746,Canada,True,2023-07-05 18:17:40,North America
155,"Ramirez, Strickland and Washington",Travis Hull,lindazhang@espinoza.org,5678200784,Singapore,True,2020-07-08 03:53:12,Asia Pacific
156,Hill Inc,Darryl Acosta,michaelmitchell@armstrong.com,342-944-2607,United States,True,2020-09-24 23:12:38,North America
157,"Mitchell, Nelson and Flores",Nicholas Lawrence,murphybrandi@gibson-thomas.biz,(943)473-4764x273,France,True,2020-12-18 21:48:04,Europe
158,"Miller, Hernandez and Reyes",Jacob Santos,dmiller@beasley-alvarez.info,6377638821,Brazil,True,2021-02-18 01:36:57,Latin America
159,Mccarthy Inc,Shawn Scott,woodalicia@hansen.org,541.448.4601x91344,United States,True,2022-11-09 13:42:09,North America
160,Russell-Daniels,Amber Vang,cfields@galvan.com,+1-578-402-0586x9507,Japan,True,2023-05-24 01:38:09,Asia Pacific
161,Brown-Wall,Martha Smith,williamwashington@anderson-bush.net,746-344-9369,United Kingdom,True,2022-07-19 14:41:37,Europe
162,Stein-Silva,Jennifer James,bensonstanley@francis.com,(979)533-5055x7385,Germany,True,2022-01-14 11:16:26,Europe
163,"Smith, Gilmore and Johnston",Kara Hernandez,guzmanricky@wood.com,(380)311-9236x03768,Germany,True,2021-05-29 04:14:59,Europe
164,Smith-Bell,Lorraine Turner,davidtorres@turner-tucker.com,+1-387-623-3351x04096,Australia,True,2023-08-19 19:17:50,Asia Pacific
165,Castaneda-Ashley,Mary Nelson,kristenfisher@small-lewis.info,+1-597-231-5391x1498,United States,True,2022-01-13 06:22:20,North America
166,Medina-Navarro,Breanna Rivas,martinezmichael@butler.com,548.620.7365x1189,India,True,2023-08-12 23:53:07,South Asia
167,"Hurst, Freeman and Nelson",Nathan Wilson,ymccullough@alvarez-cortez.org,2656578201,United States,True,2022-12-08 20:50:00,North America
168,Johnson-Rogers,Brian Gonzalez,kathleenwagner@gill-contreras.com,422.630.2333,United States,True,2020-02-05 09:29:27,North America
169,"Yates, Ramsey and Pittman",Dennis Mills,christopher99@hughes-mccullough.com,407.339.2013x546,United States,True,2022-11-17 13:57:48,North America
170,Hooper PLC,Michael Phillips,rubiopamela@ramirez.com,(876)302-5082,Australia,True,2021-06-16 13:33:38,Asia Pacific
171,Meadows PLC,Jon Clark,ann18@lee.net,423-612-6163,France,True,2022-10-03 04:57:13,Europe
172,"Alvarado, Miller and Patterson",Erin Smith,bernardaimee@shaw-smith.net,001-588-989-9572x989,United States,False,2019-05-25 17:03:20,North America
173,White-Green,Susan Conley,suzannehill@sanchez.org,(929)374-5493x03646,Canada,True,2020-03-02 23:02:29,North America
174,Lewis-Murphy,Brittany Davis,imiller@flores.com,001-812-403-8187,United States,True,2023-03-28 13:06:20,North America
175,Ramirez-Bean,Misty Garcia,samuel60@stewart.com,3825832308,Germany,True,2020-02-04 01:55:48,Europe
176,King-Miller,David Hinton,justinwhite@moore.com,+1-781-458-8144,United States,True,2023-03-05 11:17:08,North America
177,Curry Inc,John Garcia,mendezmark@reeves.biz,(406)973-2318,France,True,2021-10-21 21:41:16,Europe
178,Walker-Jones,Andrew Roberts,floresrobert@scott-david.com,268-215-7245,United Kingdom,True,2022-12-06 23:06:04,Europe
179,"Williams, Johnson and Wright",Emily Rodgers,harriskaren@young.com,001-900-700-1529x11371,South Korea,True,2022-11-26 05:39:57,Asia Pacific
180,Howell and Sons,Peter Williams,bruce78@jones-johnson.com,6906255618,United States,True,2022-10-22 03:05:56,North America
181,Wells Inc,Mary Jackson,adamstabitha@garcia.com,321-482-9987x478,United States,False,2021-02-14 12:21:30,North America
182,"Gould, Marshall and Scott",Jeffrey Howell,ashley71@mason.net,(848)990-5670,United States,True,2020-05-20 03:57:51,North America
183,Jackson-Lawson,Anna Briggs,kimberlymedina@ali-peters.com,7093004365,Italy,True,2019-05-03 21:00:39,Europe
184,"Higgins, Strickland and Martin",James Rivers,hesssusan@roberts.info,(684)582-6691x362,Netherlands,False,2021-04-13 13:03:37,Europe
185,Rodriguez-Johnson,James Jefferson,carla65@lewis.com,550-554-2960x80706,United States,True,2022-08-13 15:45:42,North America
186,Johnston-Odonnell,Mariah Robles,turnerrandall@rivas.net,(699)287-9509x82210,Germany,False,2023-08-20 03:48:18,Europe
187,Sanders-Espinoza,Michael Brown,natalie39@bernard.com,664-481-8804,India,True,2023-06-15 23:51:35,South Asia
188,Vargas Ltd,Caitlin Perry,tiffany74@bates.com,+1-377-838-3638,Australia,True,2023-06-17 00:49:49,Asia Pacific
189,Garcia LLC,Rebekah Gregory,stevegreene@sloan.com,832-612-6942x894,Canada,True,2023-11-09 12:42:32,North America
190,"Burke, Martinez and Riggs",James Howard,asmith@thompson.info,(303)662-5863,United States,True,2022-11-18 03:28:12,North America
191,Reed Group,Michael Roberson,ymedina@curtis.info,001-841-570-6462x55402,United States,True,2021-05-28 19:20:13,North America
192,"Wood, Hunter and Peterson",Bianca Knapp,gomezlisa@howard.com,001-655-682-4301x7646,Spain,True,2023-12-31 17:25:55,Europe
193,Short-Garcia,Jason Williams,fordsharon@smith-paul.com,798.480.3153x88824,Spain,True,2022-12-01 05:13:32,Europe
194,Reid-Poole,Ernest Bush,james94@walker.com,790.550.4043x333,Germany,True,2022-05-22 02:08:28,Europe
195,"Hernandez, Thompson and Boyd",Patricia Ray,trevor93@gonzalez.biz,949.351.6321x11978,United States,True,2020-06-24 22:58:42,North America
196,"Nelson, Morton and Medina",Vanessa Santiago,kaneashley@jackson-lee.org,+1-509-433-9137,United States,True,2022-08-04 12:46:48,North America
197,Marshall-Petersen,Joseph Haynes,cameronanderson@anderson.com,(353)906-0119x8756,Japan,False,2022-12-22 15:11:35,Asia Pacific
198,"Adams, Christian and Rivas",Matthew Wright,james08@king.biz,368.480.0230x09156,Spain,False,2023-12-29 04:41:57,Europe
199,Ramirez Group,Michael Cruz,nashmarcus@hill-frazier.info,+1-880-236-5774x491,Netherlands,True,2022-02-18 03:50:43,Europe
200,Christensen PLC,Kristin Huerta,wward@stephenson.com,+1-336-659-5201x491,Brazil,True,2021-06-25 20:55:09,Latin America
201,"Barnett, Rogers and Snyder",Mason Moore,samantha87@smith-lee.com,284-433-6875,Germany,True,2023-08-09 07:50:30,Europe
202,White-Lewis,Sarah Booth,mooneyjeremiah@coleman.com,001-763-722-3998x21374,United States,True,2020-08-25 18:05:05,North America
203,Peterson-Beard,John Allen,lance10@reynolds-johnson.com,(511)940-4288x60505,United States,True,2021-04-21 13:19:56,North America
204,"Beard, Peters and Black",Amber Walker,john73@wall-underwood.net,(566)708-1126x0030,Spain,True,2019-12-11 06:23:00,Europe
205,Miller Ltd,Jennifer Young,sherryparsons@gonzales.com,(569)610-6271x5312,Germany,True,2023-10-04 13:26:06,Europe
206,Freeman-Chang,Robert West,villegassabrina@edwards-abbott.com,450-568-8269x17768,United States,True,2023-11-10 05:37:57,North America
207,"Alvarez, Joseph and West",Jillian Wilson,bryanlang@turner.biz,544.901.3480x87354,United States,True,2021-12-14 11:07:26,North America
208,Davis and Sons,Matthew Garcia MD,garciabrian@phillips.biz,+1-988-226-0335x91015,France,True,2023-11-06 15:00:20,Europe
209,Holt-Torres,April Davis,williamsonrobert@cobb.info,+1-908-659-9144x920,United States,True,2021-07-15 16:53:27,North America
210,"Wood, Tran and Cooper",Lisa Torres,nhobbs@morgan.com,001-826-699-9699,United States,False,2023-09-01 12:48:15,North America
211,"Pierce, Bell and Chavez",Christine Powers,lholmes@rodriguez.org,+1-799-871-8428,Australia,True,2023-03-31 22:48:55,Asia Pacific
212,King-Martinez,Heidi Brown,watkinsmary@martinez.info,+1-593-425-9140x8499,France,True,2023-10-24 13:23:45,Europe
213,Stewart Ltd,Jesse Castro,ilopez@brown.org,212.834.2669,Germany,True,2019-03-29 06:46:22,Europe
214,"Tapia, Vaughn and Lee",Kara Sandoval,ppalmer@collins-mcclure.com,+1-508-672-6176x072,United States,True,2023-10-24 13:06:51,North America
215,"Washington, Hardy and Bray",Ashley Malone,terrancemorrison@wood-smith.org,+1-438-293-5953,Japan,True,2023-04-09 14:18:19,Asia Pacific
216,"Carlson, Hooper and Wall",Glenn Gallegos,brianhunter@trevino.com,805-761-2996x5082,United States,True,2021-02-17 11:21:37,North America
217,Perez-White,Dorothy Boyd,kristenpeterson@alvarez.com,+1-726-841-8696,United States,True,2023-03-25 16:56:53,North America
218,Erickson and Sons,Amber Martin,christina65@garcia.info,+1-713-308-7612x3859,Japan,True,2021-01-06 08:54:24,Asia Pacific
219,Williams-Brown,Mitchell Griffith,samanthafowler@hall.com,234-468-2394x840,Germany,True,2023-10-17 21:59:27,Europe
220,Terry-Martinez,Levi Lopez,lharris@cox.com,530.308.6966x1016,Mexico,True,2020-10-30 14:34:04,North America
221,Garcia-Smith,Jenna Bryant,spencerdouglas@lee-willis.com,239-650-0168,Germany,False,2023-08-04 11:29:55,Europe
222,Harrison-Alexander,Michelle Rodriguez,hesterjames@thompson-mcclure.com,549-915-0762,Australia,True,2022-03-28 01:28:20,Asia Pacific
223,Sheppard LLC,Timothy Monroe,melanie32@smith.com,+1-662-805-3440x7779,United States,True,2019-02-21 04:21:17,North America
224,Wilson-Jones,Patricia Hayes,deckerderrick@cobb.com,(707)226-6292,United Kingdom,False,2021-01-10 12:10:46,Europe
225,Jones-Soto,Tina Taylor,zallen@guerrero-pugh.org,+1-317-676-0299,United States,True,2019-03-27 19:19:05,North America
226,Hernandez PLC,Mr. Anthony Mcconnell PhD,ejohns@thomas.com,9685841333,United States,True,2022-12-21 22:28:56,North America
227,Miller-Wright,Mr. Thomas Thompson,amandabenson@greene-rowland.com,925-352-3561,Singapore,True,2021-04-17 07:50:28,Asia Pacific
228,"Duran, Obrien and Gibbs",Monica Anderson,hinesbrenda@phillips.com,803.521.1920x613,United Kingdom,True,2022-06-20 13:40:18,Europe
229,Rowe Group,Kyle Andrade,melissaschmitt@clark-miller.info,652.677.8956x13371,Spain,False,2021-02-07 14:41:32,Europe
230,Kerr-Evans,Janice Petty,jacksonpaul@potter.com,390-829-5026x480,Germany,True,2021-04-05 10:33:00,Europe
231,"Branch, Torres and Oliver",Pamela Hill,jennifer87@sosa.org,440-937-3416x781,Brazil,True,2023-08-12 00:00:44,Latin America
232,"Choi, Garcia and Farmer",Tracy Chavez,clarkpatricia@roy-foster.com,001-378-522-1021x7982,Canada,True,2019-09-25 20:30:02,North America
233,"Clark, Guerrero and Moore",Jason Graves,koneal@walls.com,586-529-8579x736,Australia,True,2023-04-06 02:29:41,Asia Pacific
234,Arnold and Sons,Elizabeth Miles,taylorchristopher@stone-hall.com,982-285-6053,Canada,True,2023-01-18 16:47:20,North America
235,Ortiz Ltd,Michelle Walls,vhunt@hayes-reynolds.com,498.266.1770x6736,United States,True,2022-06-25 18:17:34,North America
236,"Harrison, Johnson and Roberts",Christina Weber,ystewart@white.com,(306)882-1223x552,Japan,True,2022-04-30 13:54:40,Asia Pacific
237,Warner-Gibson,Gregory Chambers,howardchristopher@hunt.com,+1-350-458-7146x92182,United States,True,2023-04-17 21:57:39,North America
238,"Hall, Baker and Moody",Miss Tina Gordon,wilsonmichael@gonzalez.com,696-279-0898x43699,United States,True,2020-12-30 22:16:02,North America
239,"Guerrero, Peck and Coleman",Erica Wilson,james92@singh.com,(620)650-9386,Germany,False,2019-09-01 07:37:24,Europe
240,"Walker, Hernandez and Baker",John Duncan,lynn66@todd.com,+1-924-295-9881x1457,United States,True,2020-08-20 12:13:44,North America
241,Jones and Sons,Jennifer Adkins,uperez@clark.net,001-471-252-3867x673,South Korea,True,2023-07-11 19:22:37,Asia Pacific
242,Larson-Holloway,Donna Boone,dsharp@conner-edwards.com,+1-874-461-9177x987,Singapore,True,2019-07-16 02:24:44,Asia Pacific
243,Gonzales-Harrison,Kelly Johnson,scarrillo@clark-cole.net,+1-296-787-2258x937,Italy,True,2022-08-01 04:14:54,Europe
244,Lyons-Bender,Michael Gonzalez,brooksbarbara@torres.com,+1-780-962-3504x05669,United Kingdom,True,2023-10-04 08:45:19,Europe
245,"Fernandez, Kim and George",Candace Mitchell,wcochran@perez-simmons.biz,001-700-612-4825,United States,True,2023-10-30 05:55:51,North America
246,Navarro-Munoz,Ryan Vaughn,mark09@weeks.com,428-567-9632x594,Italy,True,2022-03-12 21:21:43,Europe
247,Davis Ltd,Paul Johnson,nbaird@brown-hughes.info,+1-428-694-6338x9156,United Kingdom,True,2019-08-29 01:02:44,Europe
248,"Matthews, Smith and Hubbard",Ashley Parrish,murphysuzanne@kline.net,452-485-7256,Singapore,True,2023-07-27 12:55:33,Asia Pacific
249,Johnston-Hines,Sharon Newton,antoniobarker@johnson-gonzalez.biz,(893)735-8951x3818,Singapore,False,2022-12-26 04:54:20,Asia Pacific
250,Ruiz Ltd,Cynthia Mueller,jamie48@gibson.net,(607)684-6850x957,Mexico,True,2020-09-10 07:18:55,North America
251,Moon-White,Donna Beck,jacksonmichele@myers-mayo.com,303.949.1891,United States,True,2019-08-08 22:56:54,North America
252,"Graham, Olsen and Costa",Jasmine Frye,emendoza@friedman-glenn.com,+1-772-503-8593x401,United Kingdom,True,2023-02-02 00:43:47,Europe
253,Bailey-Cook,Emily Arnold,kylemeyers@wells.org,(741)554-7155x3132,Mexico,True,2022-09-08 19:33:22,North America
254,"Garcia, Martin and Jenkins",David Oliver,waynecohen@harris-ritter.info,(678)313-6750x09421,United States,True,2023-02-19 11:34:05,North America
255,Roberts-Landry,Sheila Greer,summerscassidy@fox.info,9522769819,United States,True,2023-06-03 22:49:50,North America
256,"Johnson, Miller and King",Michele Holland,cford@davis.com,+1-827-404-5238x885,Australia,True,2022-03-03 10:00:52,Asia Pacific
257,Cordova Group,Kimberly Morrison,peter26@white.biz,(858)966-0598,South Korea,True,2022-10-24 06:51:12,Asia Pacific
258,"Bryan, Smith and Booth",Tracey Phillips,qcruz@hale.biz,+1-774-642-2758,France,True,2021-04-16 14:20:48,Europe
259,Gutierrez-Lopez,Michael Lopez,allenmonica@khan-medina.com,+1-459-665-5942,Australia,True,2021-06-27 21:28:22,Asia Pacific
260,Dean-Jimenez,Jose Bennett,reginajenkins@martinez.net,+1-711-565-0200x024,United States,True,2021-12-03 23:05:08,North America
261,Wolf-Harris,Justin Anderson,robert24@hunter.com,001-531-232-1551,Germany,True,2023-04-25 10:36:16,Europe
262,"Anderson, Roberts and Gilmore",Dawn Rivera,fowleremma@james-reese.com,857-808-3682x14448,Singapore,True,2022-08-18 21:00:01,Asia Pacific
263,Martinez-Dudley,Brittney Hernandez,qjohnson@fletcher.com,001-697-827-3677,United States,True,2023-07-25 15:50:18,North America
264,"Lloyd, Mckinney and Collins",Anthony Randolph,ewashington@kelley.info,(302)558-2543,Canada,True,2022-01-05 02:00:18,North America
265,Tran Inc,Mary Henry,thomasramirez@jackson.org,(481)223-1239,Netherlands,True,2022-11-05 19:26:55,Europe
266,Gay Inc,Heather Bowers,thompsondavid@myers.com,+1-449-510-6018x3647,Japan,True,2022-02-22 13:20:06,Asia Pacific
267,Valentine-Holland,Daniel White,scottthompson@johnson.com,001-487-450-8276x817,France,True,2022-07-16 02:52:53,Europe
268,Jimenez Ltd,Jonathan Perry,myerskyle@george.biz,(277)754-5847x262,France,True,2023-08-31 00:15:41,Europe
269,Hicks-Hill,Anna Walker,sarahbrooks@gonzalez.biz,(891)287-6831,United Kingdom,True,2020-09-18 20:43:41,Europe
270,Baird-Sanchez,Gary Ward,haysmatthew@frazier.com,+1-527-917-2173,United States,True,2022-10-06 14:58:58,North America
271,"Thomas, Lee and Greene",Paul Moreno,roblesmaria@ramsey.biz,001-539-892-0522x299,India,True,2020-04-09 00:53:19,South Asia
272,"Suarez, Shields and Hill",Samantha Zavala MD,ochoamarcus@lopez.biz,(416)559-1438,India,True,2021-01-17 16:39:08,South Asia
273,Morgan-French,Jill Conway,halldaniel@thompson-morales.com,(655)639-8358,Mexico,True,2022-10-28 01:25:16,North America
274,Hoover-Campbell,Lisa Haley,pricestephen@barrett.org,(617)977-3264x30954,Italy,True,2022-08-20 19:15:26,Europe
275,Monroe-Carpenter,Erica Moon,bradley36@saunders-porter.com,+1-312-479-9702x927,Canada,True,2023-11-14 05:27:46,North America
276,"Burns, Hernandez and Ryan",Janice Fernandez,johnathandavis@jarvis-horton.com,9537978713,Canada,True,2022-11-07 07:00:01,North America
277,Cook-Hines,Thomas Short,gregory57@rogers.org,(498)783-2201,Brazil,True,2023-12-30 15:35:35,Latin America
278,Gibson-Morris,Robert Griffin,oreyes@hall.com,(908)732-0048x7978,Germany,False,2022-07-18 18:09:18,Europe
279,Pollard and Sons,Steven Lee,jensenpenny@young-patterson.com,+1-635-585-2386x00304,France,True,2022-06-25 00:42:16,Europe
280,"Reyes, Chase and Jenkins",Tiffany Jackson,brownnicholas@harris-bennett.com,(219)495-1715x2391,Brazil,True,2019-11-24 02:16:04,Latin America
281,Garner-Thornton,Kimberly Smith,sandrageorge@stevenson-murphy.com,+1-292-595-0143x7483,Spain,True,2021-07-23 02:56:38,Europe
282,Hughes-Alvarado,Michael Ayala,dawn08@wong-roberts.com,3964713971,United States,True,2021-03-07 04:58:17,North America
283,"Pollard, Simpson and Johnson",Jessica Garcia,melanierivera@harris.com,(302)321-3217x6720,United Kingdom,True,2022-12-23 11:22:52,Europe
284,"Sanford, Rivera and Garcia",Michele Cherry,cathyjames@white-soto.com,216-961-2201,United States,True,2019-12-10 11:06:53,North America
285,Garcia-Lozano,Maria Case,mjones@walters.com,(658)573-3930,Australia,True,2020-07-13 19:43:58,Asia Pacific
286,Bowen Group,Brittany Stevens,christopherwatkins@young.biz,(365)338-0274x81242,United States,True,2021-02-22 12:52:06,North America
287,"Booker, Jones and Harrington",Brandon Brown,ucollins@sanchez.org,608-868-2509x5229,Canada,True,2023-06-21 19:06:16,North America
288,Morgan-Schwartz,Kristin Andrews,kevinray@harris.com,(509)735-5610,Australia,True,2021-11-12 08:43:38,Asia Pacific
289,"Miller, Murphy and Craig",David Hughes,egray@henderson-lynch.biz,(697)501-3712,United States,True,2022-12-15 06:14:35,North America
290,"James, Stewart and Higgins",Jessica Smith,lorileon@gill.com,(258)458-5642x30412,Australia,True,2020-04-29 03:33:39,Asia Pacific
291,Brennan-Johnson,Kimberly May,brooke28@thompson.com,406.215.9273x8740,United States,True,2022-02-17 18:45:44,North America
292,Young Ltd,Nicole Richards,ehart@cook.info,316.769.0632x248,United States,True,2021-12-15 21:44:03,North America
293,Bright-Francis,Angel Reilly,ericlopez@hensley.com,942-903-4030x10956,India,True,2020-06-04 18:03:37,South Asia
294,Good-Hodges,Richard Turner,asullivan@waller-brooks.info,(464)591-5795x546,United Kingdom,True,2022-08-08 05:13:24,Europe
295,"Brennan, Wallace and Benson",Preston Kim,danielle91@dyer-riddle.com,371-324-7601x080,United States,True,2019-12-08 12:13:04,North America
296,Williams Inc,Matthew Wells,kfrederick@hines.com,6303683176,Canada,True,2019-02-03 10:15:29,North America
297,Howard-Jordan,Brandy Myers,xreid@brown.com,226.380.8081x5712,Brazil,True,2020-09-11 12:06:11,Latin America
298,Schmidt PLC,Kimberly Choi,timdorsey@mccoy-rhodes.com,707-313-8067x13073,United States,True,2019-02-01 12:31:03,North America
299,"Sparks, Jackson and Miller",Michael Sloan,catherine24@guzman.com,4453847436,Germany,True,2020-06-19 21:18:23,Europe
300,Harvey-Allen,Monica Brooks,wilsonchristopher@rangel.com,001-830-809-6258x857,United States,True,2021-11-18 19:01:28,North America
301,"Thomas, Murray and King",Kristen Peters,nancymartin@king-turner.net,+1-847-403-1805x339,United States,True,2023-07-08 14:09:08,North America
302,Estrada-Nolan,Aaron Carlson,uwillis@goodwin-glass.com,446.966.2159x183,Australia,False,2022-12-19 20:49:03,Asia Pacific
303,Santana-Byrd,Theresa Torres,fieldskimberly@olsen-adams.com,7002466614,Australia,True,2022-08-08 12:16:50,Asia Pacific
304,Jones LLC,Stephanie Cooper,ahale@velasquez.com,001-511-307-9771x40049,Germany,True,2021-05-01 21:36:23,Europe
305,"Evans, Hayden and Vaughn",Matthew Hunt,ayalarobert@pena-quinn.com,001-294-690-5315x204,Japan,True,2023-04-03 10:11:13,Asia Pacific
306,Bruce-Gonzalez,Daniel Davenport,nicholaspadilla@tucker.com,+1-397-869-8731x3797,Singapore,True,2021-06-23 18:05:04,Asia Pacific
307,Castaneda-Rodriguez,Christopher Marsh,nbradley@harris.com,(998)941-6612x3740,Canada,True,2019-06-21 07:21:17,North America
308,Armstrong-Andrews,Sarah Randolph,jordanbarrera@alexander-durham.com,001-643-332-5623,United States,True,2022-02-02 19:31:41,North America
309,"Phillips, Spence and Barrett",Julia Dunn MD,christophermiller@hill.com,+1-970-414-2620x370,Brazil,True,2020-06-08 07:40:56,Latin America
310,Smith-Grimes,Brett Swanson,timothychambers@smith.com,316-502-0418,United States,True,2021-07-03 09:19:18,North America
311,"Beltran, Lozano and Mcgee",Mr. Carl Rios,davisalexa@bennett.com,(299)689-8972x117,United Kingdom,True,2022-10-29 15:00:11,Europe
312,Parsons-Hall,Manuel Mccullough,vkennedy@jordan.com,+1-580-918-6448x22175,United States,True,2023-10-02 18:53:17,North America
313,Robinson-Lee,Jerry Jensen,shelleyortega@bishop-hester.com,957.308.2004x80675,United States,True,2022-10-28 22:46:16,North America
314,Byrd-Le,Kevin Cunningham,smithmonica@hardy-barron.com,(336)491-4961,Singapore,True,2023-01-11 10:52:29,Asia Pacific
315,"Becker, Taylor and Davis",Eugene Patterson,guzmanmisty@tapia-walton.com,279.642.9688x27697,India,True,2023-04-03 12:57:23,South Asia
316,"Lucas, Parker and Alexander",David Walker,shannon78@keller-smith.com,3957314196,France,True,2020-10-17 08:05:10,Europe
317,"Diaz, Anderson and Browning",Jessica Larsen,schultzmorgan@nguyen.biz,(307)983-2748x83565,United Kingdom,True,2021-07-08 19:18:34,Europe
318,Burgess-Thompson,Nicholas Humphrey,baileysheila@hatfield-vincent.com,001-862-840-9649,United States,True,2021-01-09 23:17:22,North America
319,Buchanan LLC,Ian Torres,mcarter@thomas.net,+1-634-496-0478,United States,True,2021-11-22 18:05:16,North America
320,"Shaw, Nelson and Martin",Casey Obrien,andersonlaura@collier-davies.info,470-728-5162,United States,True,2021-11-16 15:44:00,North America
321,Coffey-Phillips,Shannon Taylor,peggyfriedman@bates-allen.com,001-536-648-8208,Australia,True,2023-08-07 06:32:14,Asia Pacific
322,Brock-Mcdonald,Deborah Mercado,karenkeller@garcia.com,+1-668-883-9062,Japan,True,2023-02-18 18:22:31,Asia Pacific
323,Taylor and Sons,Bernard Smith,sarahnguyen@miranda-robinson.com,328.579.9160x9114,France,True,2022-11-05 11:22:59,Europe
324,"Ramsey, Whitney and Coffey",Amanda Perkins,qlynn@wade.info,593-559-2361,United States,True,2021-09-24 14:25:08,North America
325,"Diaz, Gibbs and Smith",Kevin Escobar,popemarvin@huynh.com,760.252.3045x8816,Singapore,False,2023-11-30 22:12:14,Asia Pacific
326,"Martinez, Richardson and Curry",Kimberly Lutz,nicholas68@stokes-walker.com,(354)847-2419,Japan,True,2023-11-29 13:06:27,Asia Pacific
327,Richards-Carson,Reginald Diaz,christopher15@vargas.org,403-644-0966x17718,Australia,True,2023-11-19 10:14:23,Asia Pacific
328,Rodriguez-Hall,Raymond Quinn,david56@mclaughlin.com,+1-389-680-8806x782,Germany,True,2019-08-19 09:43:59,Europe
329,Harvey PLC,John Dixon,uwhitney@salinas-peck.com,474-868-1359,United Kingdom,True,2022-03-16 10:26:34,Europe
330,Herman-Walker,Jonathan Bates,danielsmith@stewart-cabrera.com,+1-964-686-9893x9698,United States,True,2019-10-08 05:25:21,North America
331,Reid Group,Renee Mendez,vincentbryant@campbell.com,469.441.5594x50119,United Kingdom,True,2021-09-26 01:32:26,Europe
332,"Turner, Ortiz and Taylor",Jose Griffin,kyle14@berry.com,9753360511,Japan,True,2019-11-16 10:14:18,Asia Pacific
333,Torres Group,Travis Hopkins,zbrown@hernandez-moran.com,(603)798-8636x53621,United States,True,2022-03-26 18:35:44,North America
334,Davis PLC,Nancy Webb,leblanckimberly@luna-evans.com,(690)667-0009x942,United States,False,2022-04-14 05:44:11,North America
335,Price LLC,Daniel Freeman,kelleymatthew@kennedy.com,(804)966-4896,United States,False,2020-12-07 13:54:19,North America
336,"Avery, Horton and Fernandez",Jacob Williams,justin38@davis-morris.org,(205)964-2045x65775,United States,True,2021-11-04 19:26:00,North America
337,"Newton, Moore and Perry",Terry Ward,hornjenna@pena-ray.info,853-438-9062x3546,Mexico,True,2022-12-04 05:56:20,North America
338,Bass PLC,Jesse Williams,jcarter@robinson.com,+1-226-254-0165x9953,France,True,2021-11-22 16:04:48,Europe
339,Crosby-Ramirez,Mrs. Michele Boyd,coxmelissa@gregory.biz,001-962-621-2242x767,Canada,True,2020-09-14 09:01:44,North America
340,"Wood, Ramos and Sampson",Sandy Baker,kshelton@davis.com,(725)691-6011x2411,United States,True,2021-10-12 00:54:00,North America
341,Garcia-Jennings,Carrie Valdez,wilsonzachary@watkins-booker.biz,+1-886-900-8017,Canada,True,2023-12-14 02:57:09,North America
342,"Winters, Newman and Brown",Matthew Houston,austinallen@turner-carlson.com,001-678-923-1299x570,Canada,True,2019-09-14 07:32:46,North America
343,Lopez-Martinez,Jamie Solomon,yparsons@barrett.biz,(264)526-1212,United States,True,2019-09-15 07:15:58,North America
344,Davis-Lewis,Heather Parrish,cynthia75@wilson.com,743.475.3659x68078,United Kingdom,True,2021-03-28 19:22:58,Europe
345,"Harper, Smith and Buchanan",Mr. Larry Shaw,gmay@johnson.org,(748)624-2183x854,United Kingdom,True,2023-07-24 21:37:31,Europe
346,Zhang PLC,Christopher Jones,vhill@bauer.biz,4065445475,Germany,True,2022-10-02 14:54:38,Europe
347,Jones PLC,Christine Lopez,scooke@evans-martinez.com,912-332-7489,Germany,True,2022-05-22 23:15:59,Europe
348,Willis and Sons,Mitchell Wilson,reevesmichelle@lopez.net,876.433.4272x038,United States,True,2021-04-21 06:13:21,North America
349,Schroeder-Kramer,Robert Cortez,lbrown@reeves.com,575-208-0196,United Kingdom,False,2022-05-21 10:28:17,Europe
350,"Smith, Garrison and Thomas",Mr. Daniel Martin,whitecarol@smith.com,553-706-9358x824,Germany,True,2019-04-04 06:25:47,Europe
351,Fernandez and Sons,Alison Williams,williamsbailey@martin.com,940.601.8167,Canada,True,2022-04-02 03:34:45,North America
352,Guerrero Inc,Candace Soto,whitneywilliam@burch-jackson.com,516.752.4445x44608,Mexico,True,2023-07-13 11:14:31,North America
353,Smith and Sons,Kenneth Brown,kevinshah@conway.com,001-317-499-3781x053,Germany,True,2022-12-24 05:02:26,Europe
354,"Morris, Thompson and Williams",Christopher Mullen,hneal@obrien-dixon.com,+1-878-484-8699,United States,True,2023-08-11 13:22:27,North America
355,"Fisher, Wilson and Brown",Kristy Smith,youngjacob@chase-lewis.com,001-890-545-7927x14724,United States,True,2023-03-26 11:28:17,North America
356,Strickland-Palmer,Mary Campbell,brittanyramirez@dean.biz,5195864242,Germany,True,2020-02-28 10:33:58,Europe
357,Hayes and Sons,Jerry Haney,ricardomiller@rhodes-bentley.com,001-372-983-3912,United States,True,2023-10-04 18:32:38,North America
358,"Williams, Logan and Camacho",Carolyn Greer,chadoconnor@terry.net,5624932880,Australia,True,2019-06-08 20:40:48,Asia Pacific
359,"Turner, Schneider and Johnson",Rebecca Hoover,roberthernandez@gray-maynard.com,(210)310-2320,South Korea,True,2022-11-07 04:40:28,Asia Pacific
360,Boone-Simmons,Matthew Baker,nelsonamanda@kelley.com,001-986-876-6100x898,Australia,True,2020-10-07 13:22:17,Asia Pacific
361,Henry Group,Grace Chavez,kimberly23@smith-bennett.com,608-214-3561,United Kingdom,True,2019-11-18 20:06:43,Europe
362,Lam LLC,Crystal Cruz,ylynn@thompson.com,001-438-545-3198x0746,Germany,True,2021-05-15 23:02:07,Europe
363,"Hernandez, Martinez and Weber",Dale Heath,wdavis@armstrong.com,746-695-1003x07620,Canada,True,2021-10-05 15:57:53,North America
364,"Kelley, Nguyen and Vang",Jennifer Hernandez,jacksonstacey@white-shaffer.net,396-271-5006x66641,Australia,True,2022-05-14 12:31:30,Asia Pacific
365,"Phillips, Wagner and Jordan",John Mendez,iwoods@smith-palmer.com,+1-865-641-1340x7851,South Korea,True,2022-12-06 21:30:33,Asia Pacific
366,"Wilson, Pena and Rich",Richard Gordon,douglasbradley@brown-swanson.com,001-697-408-9058x36683,United Kingdom,True,2019-09-09 21:17:06,Europe
367,"Le, Lewis and Hayes",John Anderson,erikabarnes@white-andersen.info,(889)399-6269x7083,Singapore,True,2020-05-15 19:42:35,Asia Pacific
368,Gutierrez Group,Samantha Prince,joshua68@keith.com,387.991.5059x6257,Spain,True,2022-05-08 21:06:17,Europe
369,Perry-Davis,Marie Boyd,richard51@miller.com,(409)832-0126x5789,United States,True,2021-04-28 03:40:59,North America
370,Edwards-Scott,Andrew Moreno,millerjustin@stokes-smith.biz,9417809521,United States,True,2023-10-30 10:00:37,North America
371,Mcdaniel Group,Robert Clarke,timothyrobertson@barron.org,485-317-7741x27469,United States,False,2022-04-03 16:13:58,North America
372,Davis Inc,Kevin Figueroa,rhondareese@coleman.net,488-824-1996,United States,True,2023-09-15 06:51:08,North America
373,Reynolds Ltd,Melissa Davis,lawsontami@conrad.com,622-729-7589x170,United States,True,2022-05-26 13:31:58,North America
374,"Watson, Anderson and Brown",John Hall,richardsondennis@farley-henderson.biz,421-285-4570x568,France,True,2021-10-28 10:05:08,Europe
375,"Hoffman, Santiago and Jenkins",Diane Mcdowell,nathanielwilson@wright.com,001-322-857-0900,United States,True,2022-11-28 21:38:45,North America
376,"Pugh, Henderson and Moon",Colin Fletcher,kevin44@smith.org,656.940.7232,United States,True,2021-11-18 08:09:07,North America
377,Schmitt PLC,Laura Wilson,trobinson@robertson.org,(382)989-5400,Mexico,True,2021-11-04 22:06:50,North America
378,Bell-Lane,Matthew Watts,abrown@stevens.com,282.924.7312x61685,United States,True,2023-03-02 12:25:34,North America
379,Moore Group,Jack Moore,richardsmith@vasquez-miller.net,205-480-1195,India,True,2022-02-21 22:33:17,South Asia
380,Boone LLC,Dawn Wyatt,robertgentry@moore.com,411.552.6105x370,United States,True,2023-10-18 17:29:04,North America
381,"Richardson, Farmer and Andrews",Jacob Hill,thomasbrooks@patterson-white.com,9076169500,United States,True,2023-06-27 10:35:13,North America
382,Bruce-Villegas,Nicole Gutierrez,mayodiana@martin-gomez.biz,001-918-894-8543x298,France,True,2023-07-01 14:20:27,Europe
383,"Austin, Day and Johnson",Karen Wood,howardmonica@rodriguez.com,001-689-936-5294,Germany,False,2023-01-03 21:59:29,Europe
384,"Gallegos, Adams and White",Dawn Parker,ralphmanning@martin.info,001-216-619-8273x48131,Netherlands,True,2021-04-30 18:16:03,Europe
385,"Farmer, Dorsey and Bell",Michael Fitzgerald,david78@marsh-klein.com,902-658-9632x17435,Japan,True,2021-01-25 00:32:38,Asia Pacific
386,Kane PLC,Mary Adkins,vshaw@anderson-rosario.com,535.526.8064x86067,India,True,2022-12-28 03:09:19,South Asia
387,"Morales, Thomas and Schultz",Michael Martin,ericporter@young.org,001-644-888-3842x536,United States,True,2021-04-08 13:50:24,North America
388,Davis PLC,James Morgan,hamiltonkeith@miller-patterson.org,(280)855-0774,United States,True,2022-08-06 13:46:27,North America
389,Bennett Group,Melissa Mann,jessicalopez@wang-lin.com,(279)255-1562x392,Japan,False,2023-01-14 02:41:11,Asia Pacific
390,Moore-Collins,Vincent Smith,tgonzalez@haynes.org,+1-355-510-7409,India,True,2022-10-16 16:50:01,South Asia
391,Frank-Bradley,Charles Frost,jacobbond@walters.com,411-778-6190,Singapore,True,2021-05-16 02:11:42,Asia Pacific
392,Ware and Sons,Austin Walker,veronica26@jensen.com,376-402-2069x5354,United Kingdom,True,2020-12-07 15:55:13,Europe
393,Webster Inc,Andrew Cruz,trussell@schultz.info,2124275950,United Kingdom,True,2021-12-28 13:15:21,Europe
394,"Miller, Ramos and Coleman",Miss Kelly Dawson,hicksdawn@rodriguez-cox.com,(201)951-5325x94795,Brazil,True,2020-05-13 19:40:30,Latin America
395,"Ramos, Nelson and Fischer",Theresa Wilkins,dwright@williams.com,707-217-3279x8059,United States,True,2023-12-29 12:31:22,North America
396,Reed Inc,Jessica Harris,justinramirez@garcia.com,210.506.4934,South Korea,True,2021-12-02 14:14:47,Asia Pacific
397,Gregory-Watkins,Regina Mitchell,kevin10@arnold.com,001-691-304-5203x608,Mexico,True,2020-11-06 13:26:19,North America
398,"Estrada, Williams and Foster",Kyle Black,john43@cruz.org,484-791-3599,United Kingdom,True,2019-12-13 23:27:37,Europe
399,"Brown, Harris and Dougherty",Christopher Johnson,williamstanya@roth.com,(835)995-2056x100,Japan,True,2022-04-01 18:16:54,Asia Pacific
400,Duran LLC,Aaron Moore,mcmahonchristine@swanson-mayo.com,001-390-806-9680,Japan,True,2022-09-13 05:45:03,Asia Pacific
401,Wilson-Jimenez,Penny Gomez MD,bradleylee@dawson.net,001-677-640-3784x233,United States,True,2021-02-09 09:58:14,North America
402,Thompson-James,Kelly Mclaughlin,patricia71@jones-barnes.net,001-453-700-6776,Spain,True,2019-02-26 14:49:23,Europe
403,"Hall, Hansen and Barnett",Brandon Mitchell,jacksonjoshua@roberts.com,403-625-0173x65426,Canada,True,2021-12-26 20:57:24,North America
404,Jones-Hensley,Suzanne Bailey,joysanders@patel.info,478-542-9029,India,True,2021-05-15 21:01:00,South Asia
405,Graham Group,Destiny Obrien,yhart@lawson-clark.com,845.211.0090,United States,True,2022-11-10 19:35:06,North America
406,Atkins PLC,Timothy Andrews,ashleyvargas@suarez.info,(330)888-6843x021,Spain,True,2022-11-14 05:49:56,Europe
407,Berry-Mckinney,Jason Rodriguez,kevin34@adams.net,(973)729-0457x5988,United Kingdom,True,2021-12-23 22:06:30,Europe
408,Roberts-Sullivan,Edward Arroyo,kellybowman@ho-nelson.com,001-821-229-9642,United States,True,2020-12-31 09:12:11,North America
409,Jackson-Meza,Tina Walter,veronicaclark@smith.org,436.320.2755,Spain,True,2023-04-24 06:14:41,Europe
410,Collier-Gillespie,Laura Benson,mark84@anderson.com,577-209-2071x152,United States,True,2022-01-26 21:24:04,North America
411,Kim Inc,Kristine Carrillo,hollowayjeffrey@thompson-bonilla.net,(336)921-9215,United States,True,2022-07-18 16:22:43,North America
412,Graham Group,Tonya Ellis,sharphailey@scott.com,001-705-391-6118x6385,Singapore,True,2020-03-22 17:59:49,Asia Pacific
413,"Miller, Harrell and Reese",Kevin Johnson,rwalker@perkins.com,001-795-597-7216x8800,Singapore,True,2022-01-23 16:21:41,Asia Pacific
414,Cook and Sons,Austin Schultz,uhall@richardson-barrera.com,689.731.8692x8972,Australia,True,2019-06-16 08:25:37,Asia Pacific
415,Dixon Inc,Megan Hall MD,lwhite@lopez.com,601-482-2720x0283,Germany,True,2022-11-05 09:32:59,Europe
416,"Hicks, Bullock and Bailey",Kelli Smith,andrew22@mcdaniel-lopez.com,+1-332-320-4144x7432,United Kingdom,False,2023-08-07 09:10:11,Europe
417,"Mullen, Brewer and Hernandez",Danielle Davis,simmonsspencer@waller.com,(559)493-0202x03042,United States,True,2021-05-10 06:09:38,North America
418,Thomas and Sons,Samantha Jones,grayandrew@hines.com,(277)452-1353,United States,True,2019-10-07 15:24:17,North America
419,Morrison Ltd,Karen Gomez,johnmiller@mays.com,916.950.6463x00593,France,True,2019-04-02 17:36:01,Europe
420,Thompson Ltd,Debra Valentine,rosariodaniel@meyers.com,356.891.9832x102,Japan,False,2021-01-19 05:47:09,Asia Pacific
421,Marshall-Elliott,Susan Porter,cmalone@parker.com,+1-517-646-9029x83104,Brazil,True,2020-11-24 19:42:14,Latin America
422,"Cole, Glass and Cunningham",Nicolas Salas,brianholt@stephens.net,396-862-2913,Brazil,True,2019-09-18 00:52:29,Latin America
423,"Downs, Morris and Maddox",Dale Wright,curtis62@barr.com,508.805.6856x6706,United States,True,2023-11-02 00:37:43,North America
424,Hernandez-Jones,Brittney Rodriguez,wcruz@mitchell.com,(619)686-5504,Canada,True,2022-01-24 11:40:57,North America
425,Welch-Hogan,Megan Alvarado,hjackson@garcia.com,207-666-3493x3965,United States,False,2021-11-11 20:44:16,North America
426,"Brown, Romero and Collins",Pamela Weaver,gilbertdavid@huang.com,+1-696-427-3226x2611,Australia,False,2023-09-02 01:23:03,Asia Pacific
427,Johnson-Wood,John Oliver,royrogers@shelton.com,236-925-8542x188,United Kingdom,True,2020-08-02 03:39:06,Europe
428,Jones-Lin,William Prince PhD,michael14@stanley-cantu.com,+1-691-596-2341x996,Netherlands,False,2023-09-19 16:45:40,Europe
429,Gilbert PLC,William Moon IV,hensleytiffany@thomas.info,285.732.4725,United Kingdom,True,2021-12-16 03:55:30,Europe
430,Ford-Spencer,Kenneth Brown,wilsonronald@ramirez.com,+1-333-734-3031,United States,True,2023-09-17 10:32:50,North America
431,"Huang, Cole and Pacheco",Karen Fernandez,fgomez@olson-dudley.org,+1-987-860-5457x69475,United States,True,2022-09-30 21:16:59,North America
432,"Lopez, Jacobs and Mason",Jennifer Parks,devon36@dunn-ryan.info,001-945-635-3659,Brazil,True,2023-12-28 03:23:58,Latin America
433,Hayes LLC,William Wolfe,patrickcarpenter@rose-frank.com,(669)786-1634x2125,Germany,True,2023-11-17 00:36:54,Europe
434,"Miller, Lucas and Williams",Michael Smith,youngaaron@cox.com,7804959481,United States,True,2021-07-06 06:56:38,North America
435,"Kim, Gonzales and Mills",Kevin Nguyen,brownmichael@phillips.net,001-269-925-5966x47213,United States,True,2023-10-02 17:01:54,North America
436,Cox LLC,Debbie Dunn,osanchez@burgess.com,623-559-1426x140,France,True,2021-06-17 08:31:33,Europe
437,Ortiz-Morgan,John Austin,squinn@watson-miles.org,926.814.5430,United States,True,2021-04-03 02:56:05,North America
438,"Williams, Mccoy and Cook",Jonathan Clark,woodsbrittney@johnson.com,773.410.0817,India,True,2021-09-28 07:59:49,South Asia
439,Davis-Gregory,Jacqueline Dickerson,sanchezalexander@hernandez-white.com,(711)458-7184,France,True,2022-12-06 23:23:37,Europe
440,King-York,Christopher Anderson,theodore57@dominguez.com,954.226.8744,United States,True,2020-12-03 18:08:44,North America
441,"Marks, Cook and Aguilar",Crystal Garcia,wesleysmith@frazier-liu.net,573-920-8652,United States,False,2022-06-20 03:03:57,North America
442,Rangel LLC,David Reynolds,samantha84@perez.com,372.696.6563x370,Singapore,True,2022-08-03 17:16:50,Asia Pacific
443,"Hale, Myers and Larson",Charles Haley,ispence@lewis.com,7052278105,United Kingdom,True,2023-04-22 19:16:33,Europe
444,Collins Group,Robert Thompson,velasqueztaylor@delgado-sullivan.biz,7029722142,United Kingdom,True,2023-12-28 10:52:43,Europe
445,"Conner, Li and Santiago",Dr. Samuel Holmes DDS,brianwatson@lee-rodriguez.com,+1-931-460-9439x13681,India,True,2022-12-08 13:49:14,South Asia
446,"Osborn, Gaines and Davis",Elizabeth Hart,carrie50@campbell.com,8314369552,South Korea,True,2021-09-13 17:47:13,Asia Pacific
447,"Henderson, Cox and Cox",Jennifer Vaughn,lewisalex@lopez-harris.com,001-509-429-7352x5953,Singapore,True,2021-11-04 15:29:05,Asia Pacific
448,Bean LLC,Robert Woods,josephdavila@williams.com,(427)239-3899,Japan,True,2020-10-31 02:39:49,Asia Pacific
449,Lee-Cooke,Joanna Cook,christopher40@walton-benjamin.net,257-935-3236x6185,United Kingdom,False,2019-09-29 14:57:36,Europe
450,Jones Inc,Justin Frederick,leonardmyers@dickson-park.com,(410)587-0826x9718,United States,True,2021-01-19 03:10:49,North America
451,"Wise, Conley and Stephenson",Alejandro Martinez,richard81@aguirre.biz,(401)307-1261x5838,Brazil,True,2021-07-08 04:20:31,Latin America
452,Stanley PLC,Tracey Gonzalez,cwillis@martin-fleming.com,564.584.6735x7422,Australia,True,2023-10-19 16:20:02,Asia Pacific
453,Harper and Sons,Mariah Thompson,cisnerosjesse@aguirre.com,001-422-428-0194x425,United Kingdom,True,2022-10-20 06:17:02,Europe
454,White Ltd,Heather Nunez,victoriamason@franklin.info,(756)206-2953,Spain,True,2021-06-02 15:54:21,Europe
455,"Lamb, Martin and Kim",Dr. Steve James,matthewward@williams-marquez.biz,(537)231-1804x6741,United States,True,2022-12-20 13:28:21,North America
456,Diaz-Ball,Mark Thomas,jasonbishop@rubio.info,453.884.1852x0136,Canada,False,2020-03-03 15:23:09,North America
457,Bishop-Goodwin,Robert Rogers,ballarddouglas@payne-novak.com,+1-208-746-3975x61547,United States,True,2022-08-14 06:09:50,North America
458,Young-Allen,Laura Sweeney,udavis@villa.com,749-812-1516x41195,Canada,True,2022-10-22 08:44:02,North America
459,Mckee-Lee,Christopher Perez,barbara51@white.com,909-719-6939x578,United States,True,2022-10-19 03:16:11,North America
460,"Valentine, Joyce and Murray",Eddie Adams,wgood@santos-taylor.com,(407)202-0426,United States,True,2021-09-19 21:17:28,North America
461,Strickland-Shaw,Denise Wallace,swilliams@ortiz-harvey.com,597-512-1241,United States,True,2023-05-17 10:41:47,North America
462,Burch-Montoya,Heidi Matthews,nrichardson@brooks-fleming.net,001-369-467-8976x09873,Germany,True,2023-03-11 01:47:16,Europe
463,"Taylor, Wright and Davidson",Jennifer White,rbaker@oliver.com,(977)831-9227x60759,Japan,True,2022-09-30 11:19:06,Asia Pacific
464,Spencer-Garcia,Nicholas Stanley,hollycastro@farrell.biz,(533)294-3191x654,Australia,True,2022-09-09 11:36:12,Asia Pacific
465,"Rosales, Mitchell and Hines",Mercedes Miller,ashleynash@price.com,795.923.1202x19150,Singapore,False,2022-03-07 03:44:55,Asia Pacific
466,Cole-Palmer,Brian Brown,steven87@miller.com,(944)897-4700x0268,United Kingdom,True,2020-10-22 17:17:01,Europe
467,Davis-Lozano,Kimberly Johnson,mtate@murphy-stewart.org,848-567-6497x9741,United States,False,2021-07-23 20:16:03,North America
468,Wilkerson-Arias,Phillip Miller,vlewis@wilson-gibson.net,(956)504-5006x3553,Mexico,True,2019-10-11 06:08:09,North America
469,Brown-Shaw,Christopher Pena,stacythomas@flores.org,9963496927,United States,True,2022-11-08 00:13:38,North America
470,Hughes Inc,Ellen Wright,zbrown@clarke-irwin.com,295-729-6353,Singapore,True,2022-03-09 22:48:23,Asia Pacific
471,Walker-Flores,Mark Anderson,lewisandrew@henderson.com,001-470-925-5128,United States,True,2020-01-13 12:28:16,North America
472,Combs Ltd,Alyssa Alvarado,hillchristopher@hayes.com,(836)743-1594x89895,Singapore,True,2023-11-05 05:30:51,Asia Pacific
473,Moody-Taylor,Erika Alvarez,mariadavis@peterson-mullins.com,366-834-5443x4414,United States,True,2023-09-22 05:03:05,North America
474,Lowery-Kennedy,Kimberly Nelson,michaelbarnes@nichols-bowers.biz,001-999-639-3449,Spain,True,2023-10-21 11:17:18,Europe
475,Blake Group,Wayne Wolfe,rita96@hoffman.com,494.564.0882,Canada,True,2022-11-10 07:58:04,North America
476,Gilbert-Bullock,Kyle Welch,sharpbeth@morris.com,6953862973,Singapore,True,2023-11-15 23:19:31,Asia Pacific
477,Scott and Sons,Kristy Mills,hernandezstephen@porter.com,321.909.7202,United States,True,2020-12-11 21:55:09,North America
478,"Bentley, Lynch and Henderson",Emily Reed,ubaker@mcneil.info,001-407-454-8534x65579,Australia,True,2023-08-30 18:55:08,Asia Pacific
479,Young-Martinez,Regina Ramos,johnsonjulie@fisher.com,8303044964,Singapore,True,2020-07-25 04:46:26,Asia Pacific
480,Barnes PLC,David Torres,nrobinson@bonilla.com,(493)390-0251,Canada,True,2023-06-30 17:42:12,North America
481,Brown-Copeland,Robert Charles,lisa04@shaw-parrish.info,775.765.8963,Germany,True,2021-03-03 04:43:18,Europe
482,Carlson-Smith,John Smith,wgutierrez@clayton-simmons.com,+1-670-586-1993x1458,France,True,2023-09-01 09:08:20,Europe
483,"Andrews, Higgins and Carter",Theresa Woods,housestephen@thompson-larson.net,556-663-1138x850,Canada,True,2023-05-15 00:12:23,North America
484,Mendez and Sons,Jeffrey Carter,qjames@frazier.com,(936)622-0334,Germany,True,2020-12-20 09:14:37,Europe
485,"Butler, Beck and Miller",Adam Brooks,shafferdale@smith.org,(846)831-0437,Australia,True,2022-09-19 04:26:03,Asia Pacific
486,Jones-Fox,Justin Foster,schultzwesley@contreras.com,+1-200-485-2946,Spain,True,2023-09-04 11:14:23,Europe
487,"Hartman, Romero and Smith",Omar Price,kimberlyarnold@gonzalez.com,+1-217-474-1743x0435,United States,True,2022-06-03 21:27:58,North America
488,Williams-Hughes,Dennis Henderson,tammy76@padilla.com,885.802.2894,United States,True,2023-01-18 06:36:34,North America
489,King-Smith,Phillip Kent,williamadams@baker.biz,227-452-3328x29302,Singapore,True,2022-01-07 08:54:02,Asia Pacific
490,Cooper Ltd,Melinda Mitchell,adamstout@smith.com,969-313-3030x33467,Spain,True,2021-07-17 21:18:03,Europe
491,"Fuller, Ingram and Moss",Rhonda Gutierrez,matthew96@peters.com,001-716-575-0762x7995,Canada,True,2021-02-09 20:25:56,North America
492,Anderson-Bell,Catherine Roberts,zpoole@patterson.com,001-902-445-3012x3984,Germany,True,2020-09-05 11:51:36,Europe
493,Li-Thompson,Lisa Nelson,hstrong@kim.com,903.342.0284,United States,True,2023-12-30 22:25:39,North America
494,"Marshall, Dominguez and Welch",Chelsea Smith,welchkristen@rangel.com,001-701-272-2240,United States,True,2021-12-12 00:24:47,North America
495,Brown Group,Joseph Lopez,christopherjohnson@fuller.com,464.687.1775x461,Canada,True,2022-10-29 10:25:53,North America
496,Carter Inc,Derrick Espinoza,montgomeryamy@armstrong.com,4657838727,United Kingdom,True,2022-04-03 20:25:34,Europe
497,Blackwell LLC,Crystal Hernandez,xwalters@lopez-delgado.com,412.525.9095x66844,Australia,True,2022-12-29 14:45:30,Asia Pacific
498,Robertson-Hays,Glenn Collins DDS,james36@hopkins-hill.com,933.279.1212x1101,United States,True,2023-12-08 01:27:55,North America
499,"Kennedy, Johnson and Lucas",Mrs. Raven Rivera DVM,littlebeth@rodriguez.com,958.669.0170,Singapore,True,2023-04-12 19:48:43,Asia Pacific
500,Kelly-Norman,Amy Rowe,thomasjose@davis.com,001-403-792-5199x945,Singapore,True,2021-10-10 06:17:24,Asia Pacific
501,"Rivera, Martinez and Richardson",John Lee,peterhenry@gutierrez.com,001-917-412-2276x4338,France,True,2023-05-06 20:31:39,Europe
502,Paul-Kline,Ruth Clayton,gracebrooks@schultz-hayes.com,(805)742-2162,Australia,True,2023-11-15 11:52:12,Asia Pacific
503,Morgan-Lopez,Randy Wright,kentberger@bradley.com,+1-249-663-3083x34447,United States,True,2022-12-27 21:02:03,North America
504,"Jimenez, Glass and Stone",Jessica Rojas,timothy99@smith.com,887.789.9504x70205,India,True,2023-01-18 17:01:45,South Asia
505,Acosta Inc,Joel Wise,catherineherrera@hunt.com,895-837-7492,France,True,2020-12-23 02:32:13,Europe
506,Morrison-Short,Vickie Kennedy,anthonytaylor@luna.com,+1-432-495-6342x7775,United States,True,2020-09-10 06:41:12,North America
507,"Carter, Garcia and Murphy",Emily Morris,timothy15@arnold.info,(492)206-1658x129,Italy,True,2023-12-20 10:18:26,Europe
508,Parker-Morrison,Amanda Pineda,zhunt@wright.com,+1-459-722-9411x5630,India,True,2021-07-26 17:16:05,South Asia
509,Jackson-Wallace,Dawn Little,ygarcia@collins.info,896-836-3726x29420,South Korea,True,2023-12-21 11:43:16,Asia Pacific
510,Williams-Berg,Stephen Boyer,bandrade@burgess.org,554-598-0851,Japan,True,2023-02-17 05:32:35,Asia Pacific
511,Mendez-Graham,Brian Chen,kpatterson@brooks-chen.com,001-413-480-0498x3211,Germany,True,2019-06-01 04:11:39,Europe
512,"Whitney, Gould and Jones",Christopher Hill,cjackson@king.net,421-854-8158,United Kingdom,True,2023-02-22 00:48:48,Europe
513,"Sullivan, Palmer and Brady",Richard Smith,raymond12@jordan-lopez.com,+1-368-776-4019,South Korea,False,2022-12-27 11:55:34,Asia Pacific
514,Cisneros and Sons,Richard Alvarez,lewisnathan@chan.com,988-906-4420x062,Mexico,True,2022-11-18 10:02:16,North America
515,"Gregory, Kim and Martinez",Jacqueline Davis,haley53@bradley-morris.com,+1-887-435-8566x4641,United States,True,2022-12-10 03:42:40,North America
516,Osborne LLC,Brandon Montgomery,cruzcarolyn@robinson.com,342.519.2622,United States,True,2023-12-30 17:48:01,North America
517,Reyes-Bradley,Yolanda Garrett,bfleming@li-gonzalez.com,(504)310-4294,United Kingdom,True,2019-02-22 03:54:56,Europe
518,"Hernandez, Cole and Watson",Matthew Miles,rjimenez@wilson-chavez.org,678-391-1797x2699,India,True,2022-06-04 16:25:12,South Asia
519,Hines-Berry,Beth Hall,brittany39@mitchell.org,+1-428-231-8003x6660,Singapore,True,2022-02-05 01:34:51,Asia Pacific
520,"Richardson, Edwards and Ramirez",Dr. Nicole Trujillo,buckjustin@johnson-ferguson.net,8055328538,United States,False,2023-04-09 23:07:01,North America
521,Johnson and Sons,Corey Norris,rogersallen@davis-lang.com,505-205-2438,Australia,True,2022-04-04 21:51:51,Asia Pacific
522,Holmes-Mcintyre,Chad Roach,logan56@hawkins.info,(882)469-2990x076,United Kingdom,False,2020-07-29 01:35:27,Europe
523,Green LLC,Mr. Edward Terry,longheather@snyder-davidson.com,963.832.8389x633,Singapore,True,2021-05-04 11:52:42,Asia Pacific
524,"Griffin, Davies and Mitchell",Cody Bailey,sharon10@williams.com,001-618-351-8626x7136,Mexico,True,2021-02-24 05:53:58,North America
525,Gonzalez-Taylor,Denise Guerra,holdermichelle@graham.com,4133282339,India,True,2023-03-18 09:06:25,South Asia
526,Hayes Ltd,Kristen Jones,villamiranda@ware-williams.com,+1-988-935-2791x87506,Canada,True,2021-03-05 22:45:21,North America
527,Osborn-Cochran,Edward Baker,charles59@nelson-jackson.com,(310)465-9208x8143,United Kingdom,True,2020-12-09 20:45:46,Europe
528,Contreras-Mckinney,Aaron Little,uwilson@mullins.info,597.661.7815x969,United States,True,2023-11-10 22:35:42,North America
529,"Daniels, Vance and York",Cody Smith,boydjohn@stanley-bray.com,(772)302-6656x862,United States,True,2019-12-20 15:15:54,North America
530,"Mckinney, Graves and Thompson",Patty Allen,qperez@dawson-gomez.com,(457)734-9899,Mexico,True,2023-07-07 13:23:02,North America
531,Hicks-Martinez,Mary Ryan,heatherjones@brown-smith.com,939-446-0742x99074,India,True,2022-05-23 06:53:34,South Asia
532,Conner and Sons,Joseph Jimenez,mcardenas@garcia-clark.org,001-296-969-4179x96708,Singapore,True,2023-11-11 18:00:59,Asia Pacific
533,Johnson-Spencer,Lisa Morris,kathleen47@moore.com,674-385-9946x4183,Singapore,True,2021-05-07 22:48:57,Asia Pacific
534,Mcdonald-Bird,Ashley Mills,paul79@harris.biz,(673)247-8536x98816,Australia,True,2019-05-22 16:24:11,Asia Pacific
535,Salazar Inc,Russell Anderson,ginalynn@wong.com,245-409-2860x521,Brazil,True,2023-04-21 08:09:23,Latin America
536,Parker Ltd,Christina Washington,allenmurray@johnson-stanley.info,(627)606-6489x0082,South Korea,True,2023-03-28 12:53:04,Asia Pacific
537,"Mendoza, Jenkins and Ortiz",Kenneth Huff,joseph81@reynolds-hernandez.net,(981)630-8898x305,Mexico,True,2023-04-09 21:15:19,North America
538,"Jones, Compton and Day",Kelly Miles,dromero@nelson-davis.biz,+1-488-939-9741x85630,United States,True,2020-06-17 04:15:38,North America
539,Owens-Holmes,Jacob Obrien,mlee@thompson-hill.org,(700)503-0566x199,Canada,True,2023-10-16 22:57:38,North America
540,Humphrey PLC,Timothy Clark,gstone@williams.com,9566418493,United States,True,2023-02-09 04:07:12,North America
541,"Matthews, Saunders and Anderson",Steve Miller PhD,jacobsonbarbara@jones.com,(379)508-7018x72600,Singapore,True,2022-04-29 09:28:40,Asia Pacific
542,"Bartlett, Brown and Martinez",Justin Hurley,nicolelyons@myers-garcia.com,(951)603-4444x29906,Germany,True,2023-11-30 20:38:56,Europe
543,Torres and Sons,Jacob Erickson,yharris@bailey.org,+1-756-886-5240x62215,United States,True,2023-03-28 09:27:52,North America
544,Donovan-Perez,Deborah Williams,jessica12@velez.com,625.962.2219x0533,France,True,2022-06-02 06:05:44,Europe
545,"Jacobson, Singleton and King",Eric Blackburn,lesliejones@cook.com,7477476484,Germany,False,2019-12-03 14:15:11,Europe
546,"Huber, Hill and Weber",Anne Hardy,waderonnie@thompson.com,+1-939-365-2138x350,United Kingdom,True,2022-03-21 06:19:12,Europe
547,"Ferguson, Shaw and Jackson",Chelsey Fox,erincastaneda@bell.com,(245)553-1290,United States,True,2019-02-14 14:15:55,North America
548,"Moore, Hopkins and Le",Mario White,brodriguez@frazier.net,(522)711-7327x7264,France,True,2021-07-27 02:06:09,Europe
549,"Morgan, Bradshaw and Williams",Jennifer Garcia,karirowe@torres.com,+1-455-785-2294,Canada,True,2021-05-09 18:40:32,North America
550,Miller Ltd,Heather Ellis,whenry@scott.com,(351)961-8575,Brazil,True,2019-08-02 09:13:56,Latin America
551,"Baker, Clark and Armstrong",Sonya Jackson,kevin58@vincent.com,305-608-0549,Canada,False,2021-11-01 14:42:39,North America
552,"Fowler, Jimenez and Burton",James Morgan,gina02@chase-hopkins.com,674.347.3535x247,Mexico,True,2020-03-11 02:25:53,North America
553,May-Turner,Zachary Ramos,tyler39@dominguez.com,215.794.9734x493,Australia,True,2023-09-25 05:25:15,Asia Pacific
554,Ballard Ltd,Ethan Frey,samanthagray@sheppard.net,578.880.3318,Australia,True,2023-08-05 11:13:44,Asia Pacific
555,Evans-Jones,Jacob Duran,harcher@baker.com,913-438-9260,Netherlands,True,2019-03-21 14:06:34,Europe
556,Moore Group,Nicholas Franklin,peter64@lee-riley.com,+1-615-827-8730,United Kingdom,True,2023-09-09 05:32:02,Europe
557,Marshall-Peterson,Cindy Cannon,hamiltonspencer@roberts-montes.info,(751)552-1746,United States,True,2022-05-06 12:25:55,North America
558,Edwards Ltd,Dawn Nixon,stevenhernandez@hanson-beck.com,637-880-1891x56734,United States,True,2021-07-24 18:56:04,North America
559,Gross-Valencia,James Barber,zroberts@smith-williams.com,817.476.2969x1433,Japan,True,2019-02-15 02:44:25,Asia Pacific
560,Anderson-Wood,Ms. Kelly Holder,brownkevin@bell-flowers.com,001-299-246-6450,Germany,True,2022-07-18 07:19:10,Europe
561,"Rodriguez, Allen and Martinez",Eric Walker,devin48@mullen.com,208-598-5739,France,True,2023-05-23 07:02:06,Europe
562,Wright-Davis,Alison Short,wendygonzalez@hull.com,+1-652-611-8968x44246,United States,True,2023-11-14 22:51:52,North America
563,Dougherty-Lin,Desiree Spencer,lisawalsh@ross-strong.com,+1-797-495-7285x759,United States,True,2019-01-18 19:03:55,North America
564,Wright-Grimes,Tammy Moore,carla29@shelton-morris.org,619.502.2179x78912,United States,True,2019-07-01 14:25:09,North America
565,Li PLC,Henry Taylor,feliciagonzalez@butler.com,+1-697-517-0598x4451,United Kingdom,True,2021-07-04 03:10:41,Europe
566,"Edwards, Hines and Jimenez",Kevin Hall,christopher97@white.com,(772)886-8112x30388,Australia,True,2021-10-03 18:01:51,Asia Pacific
567,"Owens, Koch and Jimenez",Anna Ross,alishabenson@donovan.biz,+1-611-793-9781,United Kingdom,True,2020-09-29 20:13:33,Europe
568,Landry PLC,Morgan Cummings,afisher@johnson-hansen.biz,001-200-799-2177,United Kingdom,True,2021-10-23 02:43:02,Europe
569,Levy-Lewis,Carrie Petersen,camposchristina@buchanan-carpenter.com,928-266-9335x15880,Spain,True,2023-11-29 12:29:07,Europe
570,Williams-Campbell,Laura Velez,christineyoder@brown-bruce.com,001-453-926-0119x39103,United States,True,2023-12-05 07:48:30,North America
571,"Khan, Pena and Ruiz",Elizabeth Cross,dsantiago@stevens.com,325-351-3609x0858,Canada,True,2021-05-18 22:11:10,North America
572,"Smith, Rodriguez and Anderson",Angela Brown,brooke49@vaughn-lin.com,8453024373,Brazil,True,2023-08-02 15:25:44,Latin America
573,Luna-Gallagher,Hannah Montoya,mileszachary@yang.com,587-536-6271x35896,United Kingdom,True,2021-12-27 12:43:06,Europe
574,Williams-Williams,Sean Kane,courtney07@watts.org,(939)500-5856x154,Germany,True,2022-12-12 02:32:44,Europe
575,"Lee, Tran and Jones",Matthew Guzman,meyerjohn@wells.info,756-763-9792,Mexico,True,2020-12-19 15:12:01,North America
576,"Cole, Pierce and Bryan",Richard Reyes,hbrown@sullivan-mcgrath.com,516-943-6902,South Korea,True,2022-06-18 08:13:05,Asia Pacific
577,"Becker, Wilson and Hester",Andrew Fernandez,lorraine79@reynolds.com,627.402.8966x6053,United States,True,2023-04-05 13:23:40,North America
578,Brooks-Hatfield,Jonathan Walker,donaldgarner@jackson.net,716.644.1610x19753,Italy,True,2022-07-14 12:33:31,Europe
579,"Mcmillan, Fischer and Gonzalez",Nicholas Long,thomasroberts@garcia.com,(640)451-0388x02730,Canada,True,2021-11-05 20:43:19,North America
580,"Morales, Williams and Williams",Kurt Wagner,zcruz@marshall.com,563.762.8144x4718,United States,True,2022-08-02 06:25:56,North America
581,"Cook, Wells and Bryant",Dylan Foster,campbelldavid@smith-turner.org,609.269.0676,Canada,True,2020-07-10 14:20:33,North America
582,"Barry, Taylor and Velazquez",Bradley Duncan,wwilliams@mcdonald.info,001-622-788-4987,Singapore,True,2023-11-12 06:27:49,Asia Pacific
583,Martin-Ewing,James Miller,albert25@foley.net,001-851-335-8727x17430,Canada,True,2022-06-29 05:47:15,North America
584,"Kirby, Wheeler and Romero",Patricia Anderson,lpalmer@hernandez.info,364-903-4398,United States,True,2022-12-30 01:35:24,North America
585,"Patel, Erickson and Evans",Justin Freeman,joshuafarmer@mclean-jones.info,887.675.8333,Germany,False,2022-06-26 08:39:11,Europe
586,Richardson Ltd,Christina Gilbert,mestes@white.net,001-877-204-1309x09153,United States,True,2022-05-28 21:01:06,North America
587,Whitney PLC,Danielle Jones,david59@bailey.com,(682)362-5420,United States,True,2019-07-02 23:41:38,North America
588,Robles-Swanson,Erica Glass,christianerik@ortega.info,+1-323-219-0577x2044,United States,True,2022-11-29 16:08:16,North America
589,"Soto, Carlson and Baker",Michael Henderson,kathleen31@chandler.biz,7795419324,United States,True,2021-03-12 04:22:44,North America
590,"Patton, Parsons and Lane",Frank Wheeler,brownjohn@bradford.info,+1-410-697-9412,United States,True,2023-04-07 11:14:10,North America
591,"Williams, Castillo and Warren",Eric Huerta,catherine02@rodriguez-cole.com,+1-870-598-7264,United States,True,2023-12-22 00:12:05,North America
592,"Harvey, Randall and Hernandez",Wanda Ramos,jameshenry@mitchell.net,(225)617-4224,Germany,False,2023-03-08 09:22:22,Europe
593,"Allen, Armstrong and Graves",Andrew Meyers,christopherjohnson@davis.com,001-832-861-1890x034,United States,True,2022-08-22 10:16:26,North America
594,Smith LLC,James Todd,kim98@peterson.net,963-407-0286,United States,True,2022-09-04 15:47:45,North America
595,Hernandez-Vaughn,Ashley Brown,nlee@carey.net,4203095366,Spain,True,2020-07-12 13:59:05,Europe
596,Shaw-Carr,Tammy Melton,lauriegonzales@bennett.net,001-953-968-9005,Canada,True,2023-09-25 07:01:37,North America
597,Salas-Fitzgerald,Alexis Benson,craig73@guzman.com,+1-950-501-7325x900,France,True,2021-04-18 23:19:01,Europe
598,Thornton PLC,Jerry Johnson,loriroberts@myers-howard.com,+1-871-230-7221x138,United States,True,2022-08-29 16:19:21,North America
599,Hoffman Ltd,Joshua Harris,charles93@frederick.com,001-887-316-7221x0454,United States,True,2021-06-28 17:58:19,North America
600,Fox-Edwards,Deanna Webb,aguilarsharon@delgado-johnson.biz,219.428.1707x4436,United States,True,2020-10-14 11:45:24,North America
601,Stevens PLC,Brenda Hale,james02@payne.com,244.422.5216,United States,True,2022-03-20 16:02:14,North America
602,Payne-Lowe,Kevin Alvarado,youngcharles@strong.com,823-294-1209x44772,United States,True,2019-09-24 13:54:59,North America
603,"Becker, Lara and Baker",Christopher Campbell,tina69@salazar.com,826.355.1327,United States,True,2023-03-05 15:11:48,North America
604,Lee-Wright,Lisa Brown,jennifer10@romero-santos.biz,+1-379-848-0245x5985,United States,True,2021-05-30 13:39:28,North America
605,"Evans, David and Hendrix",Alejandra Price,oturner@velazquez.com,3214191589,United States,True,2019-04-30 08:01:07,North America
606,Bush-Vaughn,Samuel Keller,vfleming@tran.biz,(586)949-8647x86862,Canada,True,2022-03-08 03:35:36,North America
607,Stewart-Bailey,Alicia Dillon,bdominguez@simmons.org,(300)388-4474x0837,United States,True,2019-11-28 22:13:48,North America
608,"Hill, Martinez and Rhodes",Crystal James,michael56@allen.org,001-607-249-9216,United Kingdom,True,2021-05-06 10:15:51,Europe
609,Huang-Foster,Ariana Stewart,perezjulie@bradley.com,7695836923,Canada,True,2023-12-26 05:18:32,North America
610,Blevins-Ballard,Kim Lopez,jonesdavid@campbell.com,884-786-4708x213,France,True,2019-12-26 14:33:21,Europe
611,Williams-Moses,Judith House,whitneyanderson@mendoza-martinez.com,762-720-2123x720,United States,True,2023-09-06 04:43:49,North America
612,Reed Group,David Moreno,wrightamy@thornton-li.com,8335000088,Brazil,True,2019-03-29 10:45:46,Latin America
613,"Scott, Mendoza and Harris",James Moore,xmarquez@carter.com,367-339-1900x8899,Germany,True,2021-06-14 17:05:04,Europe
614,"Nelson, Hoffman and Nelson",Harold Garrett,heidi81@reed.org,916-500-9169x232,United States,True,2023-11-01 12:12:38,North America
615,Gilbert PLC,William Mason,nramirez@skinner.com,398.897.9060x854,Netherlands,True,2021-06-06 10:35:17,Europe
616,Sanchez Ltd,Lori Johns,judy31@hardy-french.com,846.330.0099x8433,Italy,True,2020-02-24 13:21:37,Europe
617,"Perez, Hall and Garcia",Robin Johnson,hollysantos@benton-smith.com,737-611-8151,United States,False,2021-08-30 17:17:53,North America
618,Love-Garcia,Diana Hernandez,joshua64@brown.biz,582-694-2034x01535,United States,True,2021-12-11 18:11:52,North America
619,Smith PLC,Mary Miller,ysmith@wallace-walker.biz,(860)975-6999x44946,India,True,2023-11-26 23:51:36,South Asia
620,Russell Group,Tyler Salazar,donnapatel@torres.com,(301)408-2402,Japan,True,2021-03-30 14:58:29,Asia Pacific
621,Santos-Avila,Crystal Allen,sandra49@todd.org,(438)279-4026,United States,True,2023-10-14 08:53:50,North America
622,Morris-Brewer,Wesley Browning,yglenn@mcfarland.net,458.517.4527x35364,United States,True,2023-04-26 07:29:30,North America
623,Pearson and Sons,Joshua Clark,rfarley@garrison-hurley.info,(770)304-1291x828,United Kingdom,True,2021-04-22 19:52:09,Europe
624,"Rodgers, Jefferson and Johnson",Joshua Mcbride,karmstrong@green.com,+1-616-812-5590,Canada,False,2023-12-28 00:50:14,North America
625,Butler and Sons,Ellen Thornton,rebeccacampbell@tapia.net,800-879-2304,Germany,True,2021-04-24 03:39:41,Europe
626,Osborn Group,Brandy Forbes,matthew60@hill.org,3012283827,United Kingdom,True,2023-05-26 13:06:58,Europe
627,Lopez-Curry,Brianna Fitzpatrick,martinezashley@huff-abbott.info,423-229-6151,Canada,True,2019-01-08 01:31:47,North America
628,Mcdowell-Smith,Emily Grant,asmith@johnson-howard.net,+1-248-650-7665x3446,Japan,True,2022-12-09 15:47:43,Asia Pacific
629,"Morrison, Hebert and Rogers",Bailey Stewart,rickyriley@hill.net,+1-522-276-3460x1915,United States,True,2022-11-06 02:18:17,North America
630,Hays-Daniels,Monica Cannon,stephanie72@miranda-hill.info,(973)847-2435x861,United States,True,2021-09-26 07:05:22,North America
631,Small-Anderson,Jennifer Jenkins,jeremythompson@douglas.com,+1-922-251-2726,Japan,True,2022-11-23 05:19:32,Asia Pacific
632,"Mcdonald, Lee and Rodriguez",Timothy Shannon,criley@love.com,966.665.6224x19768,Spain,True,2023-03-04 15:26:15,Europe
633,Simon Ltd,Denise Maxwell,allen58@williams.net,+1-847-371-2903x500,Canada,True,2019-07-13 23:52:53,North America
634,Higgins-Smith,Cody Farmer,ewilson@harris.com,648.897.4223x54340,Australia,True,2020-06-28 15:42:37,Asia Pacific
635,Gibbs-Bradley,Debra Bradley,bjones@thomas-nguyen.com,001-768-621-2156x4952,United States,False,2023-02-02 06:36:34,North America
636,Thompson Ltd,David Mcdaniel,theresa57@howell-martin.com,001-920-564-4111,United Kingdom,True,2022-07-28 12:47:33,Europe
637,Wilcox-Robertson,Michael Woods,sarah90@lynch.net,+1-581-682-7306,Australia,True,2023-12-16 12:06:27,Asia Pacific
638,Morales Inc,Lisa Joseph,shelby69@sandoval.biz,659.848.8218,United States,True,2023-01-08 04:58:01,North America
639,Holden Group,Samuel Henry,friedmansusan@cunningham.net,+1-206-464-0511,United States,False,2023-05-07 19:04:29,North America
640,Boyle-Smith,Corey Johnson,hryan@yates.net,225-343-4123,United Kingdom,False,2023-04-27 21:10:12,Europe
641,Young-Molina,Alexis Nelson,mstewart@carter.com,001-860-249-8603x721,United States,True,2021-04-30 17:14:40,North America
642,Turner-Sharp,Patrick Mcneil,stephengoodman@steele.biz,2323031978,United States,True,2020-12-15 14:02:15,North America
643,Green LLC,Andrea Ho,christopher88@melendez.info,340-903-4713,United States,True,2023-07-12 17:57:58,North America
644,"Young, Contreras and Marshall",Dr. Katherine Nguyen,shanebarnes@carey.com,001-619-378-6016x2590,United States,True,2022-07-10 01:04:04,North America
645,Sullivan PLC,David Sullivan,qcraig@jacobs.com,001-547-985-5011,United States,True,2019-11-27 09:22:54,North America
646,"Carrillo, Vaughn and Fowler",Nicolas James,david66@lucero.com,935-482-1072x88780,Spain,True,2021-03-26 22:52:27,Europe
647,Richardson-Walker,Logan Newton,nancysmith@barnes.info,001-979-403-7161x60881,Australia,True,2023-07-28 12:36:52,Asia Pacific
648,Mendoza Group,Kelly Liu,martinezaustin@johnson-jackson.com,(539)996-4771,France,True,2022-07-08 17:08:38,Europe
649,"Zhang, Brooks and Miles",Kelly Hayes,zacharymoreno@strong-gomez.biz,730-976-8102x48085,Brazil,True,2021-09-08 14:14:44,Latin America
650,Todd-Pham,Amanda Forbes,jenniferwilson@vargas-jensen.com,200.824.4323x62216,Canada,True,2022-12-01 11:02:19,North America
651,Gill Ltd,Jennifer Moss,rodgersmichael@lozano-mccoy.biz,+1-368-857-4670x675,United States,True,2020-11-22 14:28:23,North America
652,"Marks, Miller and Griffin",Kelli Mccoy,katherine22@cannon.com,+1-413-895-2150x164,Australia,True,2021-06-07 12:05:26,Asia Pacific
653,"Cox, Stark and Rodriguez",Eddie Sanders,paulawatkins@craig-chavez.com,607-403-3508,Australia,True,2021-11-13 17:16:29,Asia Pacific
654,"Leach, Harris and Herrera",Ronald Murray,uthompson@ramirez.info,531-298-3924x8481,Japan,True,2019-03-11 14:25:57,Asia Pacific
655,Murphy PLC,Louis Brown,brandon88@romero.biz,2414691053,United Kingdom,True,2023-01-09 22:20:44,Europe
656,Wilson-Harris,Brenda Gallegos,katherine20@khan.com,851-567-5864,United States,False,2021-04-28 10:07:26,North America
657,"Burns, Nolan and Griffin",Nathan Wilson,cory42@roberts.info,795.234.8110,United States,True,2023-06-03 18:20:25,North America
658,Chavez PLC,Teresa Horton,nicoleroberts@zhang-molina.com,847-364-2789,United Kingdom,True,2023-08-31 02:56:06,Europe
659,Bryant-Brown,Jason Hayes,donald38@fischer.net,473-585-5128x17751,Germany,True,2020-09-25 06:10:41,Europe
660,Chambers-Parker,Kevin Marquez,adamwall@wood.org,001-459-878-1554,Australia,True,2022-12-09 20:37:46,Asia Pacific
661,Foster Inc,Jesse Wright,hdennis@guerra.com,+1-609-872-3602x4465,United Kingdom,True,2022-08-12 13:07:52,Europe
662,"Robinson, Jones and Henderson",Susan Hogan,wallaceryan@miller-taylor.com,001-977-320-5171x07308,Singapore,True,2023-08-21 13:41:58,Asia Pacific
663,"Brown, Mcknight and Michael",Becky Wilson,schmittlinda@mcguire.net,(664)578-3703x175,Germany,True,2020-01-17 21:23:37,Europe
664,Andersen Group,Jack Mills,joshua81@watts.com,402.774.1485x72602,United States,True,2022-01-13 12:34:04,North America
665,Mitchell and Sons,Richard Hunt,james80@burton.com,868-862-7288x407,United States,False,2022-08-22 11:54:22,North America
666,Cannon Ltd,Jamie James,josephhernandez@gross.com,820-976-3271x353,United States,True,2021-07-27 23:13:27,North America
667,"Stuart, Brooks and Vance",Susan Cunningham,cynthiadavis@vincent.com,(625)892-3868x79060,United States,True,2020-11-18 08:54:33,North America
668,Kane-Knox,Brittany Melton,ngrant@thompson.biz,001-732-205-5340,United States,False,2022-03-11 00:13:52,North America
669,Miller-Brandt,Michael Barnes,danawashington@best.com,+1-289-727-3961x59764,United States,True,2023-01-31 18:09:14,North America
670,"Anderson, Dalton and Wilson",Randy Griffin,ohenry@harper-daniels.com,956.770.7897,United States,True,2021-07-01 10:11:31,North America
671,"Long, Anderson and Irwin",Autumn Anderson,robinsonsydney@barnes-west.com,(942)561-9038x422,United States,True,2022-04-04 22:37:25,North America
672,Avila LLC,Marcus King,dwilson@guerrero-bailey.biz,(927)732-0222x7111,Spain,True,2021-01-29 21:43:47,Europe
673,Nunez-Stephens,Scott Stephens,kimwebb@burke-mcdaniel.com,+1-776-391-7162x0429,United States,True,2023-10-09 22:54:30,North America
674,"Gray, Hall and Murray",Stephen Young,joseph36@hart.com,248-569-8305x2169,Canada,True,2020-02-06 23:45:18,North America
675,Hill Ltd,Karen Ortiz,robert76@green-brown.info,001-322-602-6980,United Kingdom,True,2023-09-19 21:33:08,Europe
676,Johnson Ltd,Kyle Sanchez,matthewcardenas@west-walker.com,(364)971-0680,Singapore,True,2021-05-31 18:40:28,Asia Pacific
677,Mendez-Mayer,Lisa Grant,kimberlyrodriguez@bishop.com,503.516.3705x004,United States,True,2021-03-09 17:09:53,North America
678,Allen Inc,Amber Hernandez,tdavis@barr-wang.net,(367)924-4693,United Kingdom,True,2019-06-02 11:57:57,Europe
679,Wheeler Group,Amanda Nash,penaapril@nichols-galloway.net,(594)276-3808,Singapore,True,2020-11-04 22:16:50,Asia Pacific
680,"Powers, Brennan and Sanchez",Sara Evans,oheath@solis-lozano.com,001-565-540-2599x8519,Mexico,True,2022-06-20 00:16:38,North America
681,Morales and Sons,Amber Butler,ulewis@case.com,(372)872-8129,India,True,2021-11-14 18:02:03,South Asia
682,"Robinson, Shields and Brown",Michael Carr,masonlacey@moore.com,850.949.6026,United States,False,2023-03-12 19:30:02,North America
683,"Holder, Young and Hendricks",Linda Cobb,crystalwatts@nelson.biz,(752)272-8453x9749,United States,True,2019-11-24 16:50:55,North America
684,"Flores, Harper and Chambers",Jesse Riley,vanderson@atkins-jones.net,408.286.4067x560,France,True,2021-04-26 04:00:28,Europe
685,Young-Walter,Anna Evans,vsmith@jacobs.biz,+1-301-792-9022,Italy,True,2021-10-11 02:11:51,Europe
686,"Boyd, Gutierrez and Hill",James Jones,marievillarreal@coleman-paul.com,001-743-590-4489x09322,Australia,True,2019-08-14 01:38:10,Asia Pacific
687,"Fry, Hobbs and Buck",Joshua Carter,stephen14@johnston.com,432.702.3510,Australia,False,2020-12-20 02:03:32,Asia Pacific
688,"Shelton, Peters and Williams",Michael Hill,ehoffman@velez-ferguson.com,+1-655-501-9354x5036,United States,True,2021-06-17 07:41:37,North America
689,David-Powers,Kelly Dominguez,fsmith@long.com,+1-233-232-4362x962,Brazil,True,2022-02-04 15:12:57,Latin America
690,"Flores, Butler and Hernandez",Ashley Blair,bwalker@wise-west.info,(998)731-2441x290,United States,True,2021-01-13 05:33:10,North America
691,White-Medina,Victoria Webb,daymartin@daugherty.info,001-596-359-9920x12376,United States,True,2022-11-29 12:41:26,North America
692,Atkinson LLC,Taylor Andersen,christopherpowell@mills-franco.com,374.595.4210x6294,United Kingdom,True,2022-08-19 22:20:32,Europe
693,"Thomas, Ford and Brown",Lee Stewart,saundersjohnathan@yang-flowers.com,959.719.2267x131,Canada,True,2019-11-07 21:21:20,North America
694,Faulkner-Grant,Whitney Gomez,hannah96@adams.net,862.664.7528,United States,True,2022-04-09 21:56:38,North America
695,Price LLC,Justin Stone,ugardner@young.net,(412)609-6173x0099,United States,True,2023-06-02 15:03:30,North America
696,Rivera Inc,Katherine White,morseronald@bennett.com,324-603-2115x35505,Germany,True,2022-01-23 15:17:37,Europe
697,Boone-Davis,Michelle Krause,martinsamuel@williams.info,921.991.4308,United States,True,2022-12-14 02:04:45,North America
698,"Calderon, Williams and Bennett",Alexander Garrett,conniewarren@curry.biz,001-472-447-9254,Australia,True,2021-10-01 12:18:01,Asia Pacific
699,"Morrison, Russo and Lopez",Ryan Marsh,hsmith@forbes-cortez.com,488-234-5819,United States,False,2023-12-17 13:01:26,North America
700,"Ramsey, Hansen and Mendoza",Mrs. Felicia Castro DDS,christina59@martin.org,887-770-6769x3332,Canada,True,2023-05-30 07:11:35,North America
701,Turner-Stout,Curtis Campbell,april47@clark-rivera.com,859-602-5784,Australia,False,2022-09-26 11:16:10,Asia Pacific
702,Giles Ltd,Elizabeth Hunter,alicecalderon@stewart.com,4857858838,United States,True,2023-10-18 22:09:46,North America
703,Burgess Group,Aaron Jennings,ajones@miles-gonzalez.com,001-467-726-2084x672,United States,True,2020-05-22 22:33:17,North America
704,Dominguez Ltd,Nathaniel Gilbert,drivera@harrison.net,235-351-9628x2225,United States,True,2019-12-24 21:05:58,North America
705,Sanders and Sons,Christopher Rivera,michaelsmith@hill.org,+1-825-562-4728,United States,True,2023-12-31 20:07:00,North America
706,"Morris, Campbell and Owens",Michael Hendricks,michael64@weaver.com,001-342-601-2234,Singapore,True,2023-12-24 07:50:34,Asia Pacific
707,"Howard, Green and Hunt",Maria Olson,crossjoshua@elliott-martinez.net,001-492-990-0966,United States,True,2020-10-24 20:10:34,North America
708,Owens-Lang,Stephanie Herrera,xrivera@jacobs.org,7268604509,India,True,2021-05-22 08:56:30,South Asia
709,"Harrison, Franco and Rocha",Richard Gutierrez,aclark@hays.org,321.274.0039,United States,True,2019-05-07 00:11:27,North America
710,Edwards-Williams,Sandy Evans,douglasalvarez@morris.com,001-919-333-5389x2224,France,True,2021-12-12 05:08:38,Europe
711,Figueroa Inc,Emily Herrera,ecoleman@turner-wolf.com,493-960-0608,Brazil,True,2023-01-14 22:01:00,Latin America
712,Tran-Silva,Michael Marsh,ybennett@wells.net,605.564.6160x7626,Australia,True,2022-10-03 18:07:24,Asia Pacific
713,"Butler, Hernandez and Rivera",Heather Montes,waremegan@dougherty.com,001-885-300-9537x234,Canada,True,2021-10-31 22:57:42,North America
714,Hudson-Sanchez,Andre Terrell,fcastro@mccormick.biz,662.331.3361x094,United Kingdom,True,2021-09-22 10:10:37,Europe
715,"Pena, Cohen and Scott",Sarah Duncan,gregory57@reed.com,(942)831-6544x13727,United States,True,2019-12-30 10:59:19,North America
716,Levy-May,Kurt Hancock,vbrooks@gonzalez.net,857.360.6349x42904,Italy,False,2021-05-11 22:52:02,Europe
717,Murray-Oconnor,Michele Edwards,adamcollins@bartlett.net,555.418.8701x7999,India,True,2022-06-20 12:35:50,South Asia
718,Jackson-Cortez,Jason Crawford,lawsonarthur@may-sanders.com,420-524-8374x4417,Singapore,True,2023-02-11 10:09:01,Asia Pacific
719,White-Preston,Jesse Sampson,colleen90@pennington.info,456-753-8694x790,United States,False,2023-07-22 17:20:17,North America
720,"Bernard, Warren and Combs",Eric Rodriguez,thomasgolden@aguirre.com,585-836-2689x0472,Japan,True,2019-05-28 22:19:43,Asia Pacific
721,Landry Ltd,Paula Gentry,monicaanderson@flowers-wilson.info,001-441-300-9538x5574,South Korea,True,2023-06-04 14:47:09,Asia Pacific
722,Duran Group,Alexander Webb,edwardsmichaela@lucero-lee.org,(643)859-9009x3781,United States,True,2023-11-24 00:07:04,North America
723,Kirby and Sons,Cheryl Mclean,cookemily@hurst-jackson.org,6476614378,United States,True,2023-12-29 20:35:08,North America
724,Mann Inc,Kelly Rowe,zachary66@caldwell.net,870.666.1875,Japan,True,2022-03-10 06:28:01,Asia Pacific
725,Wagner LLC,Shane Short,jessicamiller@williams-franklin.net,(272)263-6815x41858,Australia,True,2021-06-17 22:41:33,Asia Pacific
726,Williamson Ltd,Megan Anderson,vthompson@collins.com,(777)229-1084,Mexico,True,2021-12-10 12:11:59,North America
727,"Durham, Hopkins and Smith",Julia Reeves,petersonashley@miller.com,001-278-560-4356x605,United States,True,2019-02-22 11:13:37,North America
728,"Arnold, Smith and Moreno",April Randolph,jessicalopez@sims.com,001-937-546-9833x067,Brazil,False,2020-02-14 17:47:30,Latin America
729,Nichols-Mitchell,Linda Miller,danastevens@harding.com,8679182226,United States,True,2021-03-11 23:53:09,North America
730,"Li, Craig and Drake",Angel Meyer,lancegray@thompson-taylor.com,001-841-790-8788,United States,True,2022-09-13 18:49:49,North America
731,Rodriguez Inc,Emily Lane,mperez@stephenson-thompson.com,885.590.6739,United States,True,2023-03-23 14:20:11,North America
732,"Hernandez, Lee and Fox",Steven Flores,heidi41@kelly-cox.net,428-498-7605x5049,India,True,2022-12-10 07:21:35,South Asia
733,Adams-Sanders,Donald Flores,rgallegos@johnson.biz,970-248-6186,France,True,2019-07-18 18:20:53,Europe
734,Chung-Stevens,Bruce Hernandez,amandaclark@hamilton.com,(463)320-1629x07399,Canada,True,2023-08-05 09:43:20,North America
735,Branch and Sons,Adrian Dean,matthewschmitt@gallegos.com,+1-998-227-1826x53371,United Kingdom,True,2023-04-07 06:49:48,Europe
736,Sutton-Abbott,Christine Bell,jeffery40@holmes.com,+1-464-294-2694,Netherlands,True,2023-07-14 17:29:46,Europe
737,"Frey, Santos and Johnson",Charles Bush,ltaylor@watson-gray.org,298.331.3549,United Kingdom,True,2023-10-22 15:38:05,Europe
738,Gray-Tran,David Jones,morrisdaniel@booth-smith.biz,959-596-7069x2195,India,True,2022-11-13 19:19:47,South Asia
739,Walsh Ltd,Gina Wallace,pcook@lopez.com,6545982438,United Kingdom,True,2023-11-22 05:23:48,Europe
740,Miller Group,John Lowe,stevenlopez@gonzales.info,2218781678,United Kingdom,True,2019-09-24 08:22:02,Europe
741,"Mueller, Knight and Hodge",Anthony Simmons,esimon@king.org,+1-464-331-5890x1649,Canada,True,2021-12-29 20:06:09,North America
742,Jacobson Inc,Kyle Watkins,timothy64@arellano.net,203-570-1709x26407,United States,True,2020-11-06 12:08:04,North America
743,Lewis Ltd,Melissa Jensen,fisherkim@morales.com,4884081726,Japan,True,2020-11-20 20:00:45,Asia Pacific
744,"Alvarez, Williams and Jones",Robert Marquez,stephaniebradley@anderson.com,+1-768-424-4850x072,Canada,True,2020-01-19 07:25:25,North America
745,Lam-Elliott,Kim Beltran,parkerkatie@ellis-martin.com,+1-374-411-6806x9196,United States,True,2022-01-10 15:37:20,North America
746,White LLC,Julie Anderson,jamesjackson@miller-young.com,966.220.8082x0391,Spain,True,2023-04-13 12:37:44,Europe
747,Ali PLC,Tamara Mcdonald,pdavis@cohen.com,+1-726-934-4435x9624,United Kingdom,True,2022-10-18 12:53:25,Europe
748,Goodwin Ltd,Michael Mckinney,gmoore@pierce-long.com,5128042425,Australia,True,2020-07-27 16:43:37,Asia Pacific
749,Hickman-Evans,David Walker,dbarnett@sanchez.com,+1-609-912-3753x028,Spain,True,2023-06-01 22:21:43,Europe
750,"Allen, Davenport and Price",Lisa Durham,ricardomurphy@weiss-cross.biz,(603)296-7024x3652,Germany,True,2022-12-10 19:43:25,Europe
751,"Rivera, Campos and Taylor",Michael Ortega,wferguson@santiago-cordova.com,(553)864-8187x540,United States,True,2021-12-10 04:09:07,North America
752,"Ramsey, Mason and Mccann",Sonya Chavez,nicolethompson@wood.net,001-748-682-1597x738,South Korea,True,2022-12-07 21:54:04,Asia Pacific
753,Davis and Sons,John Bell,bishopkaren@brewer.info,001-866-623-2360x667,Germany,True,2021-05-14 20:57:14,Europe
754,Peterson PLC,Christopher Tate,bradleyturner@morgan.com,001-412-259-4972,United States,True,2021-10-26 16:05:58,North America
755,"Sanders, Ayala and Johnson",Bethany Garcia,thernandez@leonard-castillo.com,829-886-2269x920,United States,False,2023-05-19 08:16:15,North America
756,Bowers-Hayes,Rebecca Nguyen,zwhite@holmes.com,(417)599-6235x6999,Brazil,True,2021-04-20 01:50:00,Latin America
757,Kelly Group,Rebecca Patel,riosrichard@martin.org,958.476.8877,Germany,False,2022-03-21 17:49:15,Europe
758,Lopez-Willis,Jason Oliver,aparks@valdez-santiago.biz,(560)341-3482x084,Australia,True,2023-06-11 08:37:36,Asia Pacific
759,Miller-Montgomery,Valerie Reyes,turnerjonathan@wilson.net,639-683-9122x60001,Spain,True,2023-07-15 05:23:02,Europe
760,Marquez Inc,Robert Garza,kimberly58@rodriguez-white.biz,6763291430,Brazil,True,2019-11-15 10:50:51,Latin America
761,Moore-Dawson,Jessica Cobb,fberg@smith.org,441.903.8975,United States,True,2020-02-15 05:09:46,North America
762,"Moore, Price and Ward",Cynthia Bates,james97@williams-campbell.com,(409)498-6564,United States,True,2019-10-22 05:55:30,North America
763,Smith LLC,Timothy Andrews,dstevens@parks.com,905-892-0823x5309,United States,True,2022-08-07 12:07:12,North America
764,Ward-Nelson,Mr. Joel Peters,danielsguy@butler-griffin.com,(491)294-8962x98056,Japan,True,2022-05-17 10:20:55,Asia Pacific
765,Miller Group,Casey Blanchard,larsonmichael@schmidt.com,375-830-7966,United States,True,2020-08-16 13:55:15,North America
766,Hawkins-Hunt,Brian Cervantes,christopherdavis@thomas.com,001-957-624-0434,Australia,True,2023-05-26 01:05:54,Asia Pacific
767,Johnson LLC,Jamie Snyder,pbarker@hoover.com,825-331-3795,Brazil,True,2022-09-29 07:20:42,Latin America
768,"Davis, George and Nguyen",Ann Montoya,benjamin91@hunt-swanson.com,7072773217,Netherlands,True,2021-07-31 02:56:20,Europe
769,Smith-Gutierrez,Stephanie Fields,roberto02@scott.biz,361.592.0259,United States,True,2022-03-26 22:38:01,North America
770,Hardy PLC,Charles Hernandez,leonashley@gilbert-ryan.com,273.637.0342x44474,India,True,2022-02-24 20:23:53,South Asia
771,Armstrong and Sons,Jean Lane,brooksthomas@hill-barker.com,760.378.6235x1076,United States,True,2019-08-06 02:32:26,North America
772,"James, Taylor and Turner",Michael Stewart,walter09@browning-gregory.com,001-391-670-8517x32895,Mexico,True,2021-12-22 00:58:37,North America
773,Thomas-Jackson,Susan Torres,russellandrew@sandoval-hill.info,(763)340-9185x805,United States,True,2023-06-03 23:17:25,North America
774,Fisher-Washington,Jessica Haas,colton30@nguyen.org,001-215-974-4965x3916,United Kingdom,False,2022-10-10 18:55:57,Europe
775,Ward and Sons,Brandon Smith,omatthews@murphy.com,600.240.9304x5418,Brazil,True,2022-10-17 17:27:58,Latin America
776,"Weber, Wheeler and Gonzalez",Mrs. Bethany Phillips,matthew57@murray.info,001-239-582-2180x39662,United States,True,2021-12-22 16:56:37,North America
777,Taylor Inc,Joshua Brown,amandajackson@scott-johnson.org,458.786.4078x80265,United States,True,2019-11-21 19:51:45,North America
778,Cook-Oliver,Samantha Howard,welchanna@miller-adkins.net,864-469-3335,Japan,True,2020-08-20 23:31:24,Asia Pacific
779,Alexander-Jordan,Sharon Young,kevin57@mcdonald.org,203.897.4408,Japan,True,2022-10-11 12:11:10,Asia Pacific
780,"Mccann, Taylor and Flores",Jennifer Flores,annette60@hawkins-henry.com,308.698.7092x0199,Germany,True,2020-12-03 02:47:07,Europe
781,"Harris, Edwards and Oconnell",James Gardner,imorse@lawson-atkinson.com,711.632.6611,France,True,2019-06-27 00:41:07,Europe
782,Carter-Neal,Karen Lopez,hrobinson@roberts.biz,+1-358-305-2632,Australia,True,2023-05-31 03:26:32,Asia Pacific
783,Faulkner-Casey,Tim Larsen,nbell@lester-ramirez.com,+1-260-947-2205x397,United States,True,2023-01-25 12:09:52,North America
784,Bennett-Velasquez,Zachary Santiago,beckgloria@gill.biz,645.844.7082x3171,United States,True,2023-11-08 16:45:06,North America
785,Diaz-Frederick,Benjamin Smith,michelesimpson@mitchell-middleton.com,001-819-495-3946x7662,United States,True,2023-11-22 10:56:37,North America
786,Vargas PLC,Katelyn Kim,ricardosmith@hines-douglas.com,859.360.5302,Spain,True,2021-02-10 01:51:20,Europe
787,Maldonado PLC,Angela May MD,acarpenter@jenkins-fields.org,001-884-202-5787x0368,Australia,True,2023-09-08 15:41:07,Asia Pacific
788,Benton Group,Richard Munoz,dillonharvey@greene.biz,306-830-6636x05028,United Kingdom,True,2020-07-26 01:31:50,Europe
789,"Clark, Salinas and Guerra",Christopher Hicks,nguyenjohn@garrett.com,409-289-1039x091,Canada,True,2023-02-07 18:41:53,North America
790,Fuentes Group,Joanna Kelly,marnold@ellis.com,001-730-925-2094x5237,South Korea,True,2023-12-05 22:25:20,Asia Pacific
791,"Porter, Schultz and Allen",Larry Lane,thomasmarquez@morris.com,001-895-231-9260x098,United States,True,2023-04-01 18:24:55,North America
792,"Moore, Henderson and Bennett",Cynthia Shaw,clarksteven@sutton.com,(475)274-5449,Australia,True,2023-02-02 15:10:19,Asia Pacific
793,Ewing-Mendoza,Joshua Richardson,teresaporter@lara.com,348-894-4538x11808,Canada,True,2022-09-08 21:22:07,North America
794,Ferguson-Mclean,Laura Bush,stevenrivers@goodman.biz,(758)434-4566x229,Germany,True,2021-10-16 18:33:57,Europe
795,"Barnes, Johnson and Schmitt",John Vaughn,eatkins@rosario-ware.net,579-870-5660,United States,True,2021-01-20 08:56:45,North America
796,"Woodard, Herrera and Little",Nicholas Terrell,baldwincatherine@espinoza.com,662-948-6070,Netherlands,True,2022-10-28 00:51:30,Europe
797,Rodriguez and Sons,Dr. Julie Miller,lisa05@moran-hunt.info,+1-326-760-2351x5850,South Korea,True,2019-08-25 09:39:49,Asia Pacific
798,"Ortega, Jackson and Salazar",Ann Kennedy,gcobb@boone.com,701.873.1671,Australia,True,2022-02-03 18:22:56,Asia Pacific
799,"Terrell, Byrd and Ross",Toni Miller,michaeldouglas@durham.com,6586790522,France,True,2023-03-15 00:28:28,Europe
800,Sheppard-Jordan,Rebecca Edwards,colton17@vasquez.com,233-895-4794,Italy,True,2020-08-14 01:30:47,Europe
801,Garcia and Sons,Greg Osborne,crivera@scott.com,353-815-7905x719,France,False,2023-05-29 15:06:08,Europe
802,"Burgess, Grant and Watts",Jose Harrison,aimeejohnson@elliott-reeves.com,(946)693-6561x83359,United States,True,2023-12-21 11:39:14,North America
803,Griffin Group,Jennifer Yu,ashleytorres@gonzales.com,+1-387-668-0570x2377,Australia,True,2023-11-19 07:32:29,Asia Pacific
804,Barton-Chapman,Donna Johnson,catherinevillarreal@walsh-johnson.com,801.992.2095,Germany,True,2023-12-07 22:20:25,Europe
805,"Hernandez, Cuevas and Webb",Nicole Acosta,eddie04@griffith-mcgee.net,833.629.7323,United Kingdom,True,2022-04-23 17:01:09,Europe
806,Perry-Nixon,Amy Kennedy,kwoods@schneider-matthews.net,402-682-5326x769,Japan,True,2023-12-23 01:17:28,Asia Pacific
807,Guerra Ltd,Anthony Mooney,alexandra67@jackson.biz,(477)239-2385,South Korea,True,2023-07-13 12:46:53,Asia Pacific
808,Bailey LLC,Lori Mitchell,barnettcalvin@parker.com,(832)509-1401,Italy,True,2020-06-16 05:32:15,Europe
809,Mueller-Boyd,Jonathan York,charlotte13@porter-hudson.com,328.444.2347,Canada,True,2022-01-13 20:36:35,North America
810,Alvarez-Kim,Casey Campbell,judithcox@ross.com,+1-907-755-1545x260,United States,True,2023-01-08 05:33:19,North America
811,"Chavez, Jones and Williams",Alexis Rodriguez,nelsonsuzanne@medina.info,(599)491-3831x00643,Singapore,True,2021-10-05 08:19:44,Asia Pacific
812,"Wilson, Sweeney and Wong",Kevin Hernandez,johnrobles@norris.com,(562)327-7773,India,True,2022-07-21 15:34:53,South Asia
813,"Marsh, Spears and Yang",Robert Green,hannahbryant@krause.net,(580)866-4707x03850,United States,True,2022-04-23 10:50:36,North America
814,"Thompson, Moore and Castro",Kari Lloyd,christopher31@mills.com,6593529842,Italy,True,2020-09-01 06:49:21,Europe
815,Hall-Sullivan,Grace Miller,johngill@marshall-herrera.com,001-407-840-2740x6758,Mexico,True,2022-04-29 09:53:06,North America
816,Lopez Ltd,Timothy Moore,kristy13@wilson-miller.com,562.759.0620x036,Canada,False,2023-09-25 09:17:22,North America
817,Foster-Mclaughlin,Wyatt Townsend II,danielsjason@evans-smith.biz,+1-564-361-4974x5979,Australia,True,2022-06-28 19:45:40,Asia Pacific
818,Cole Group,Mark Clark,cortezscott@lee.info,239.797.9849x14986,United Kingdom,True,2019-11-25 17:23:39,Europe
819,Smith-Lewis,Haley May,kingrichard@vasquez-thompson.net,604-893-2664x32239,United States,True,2019-11-29 23:07:28,North America
820,Goodwin-Stokes,Audrey Jackson,ppalmer@baker-patel.com,721-628-9811,United States,True,2021-07-04 19:29:15,North America
821,Ray PLC,Eric Reese,erica84@alexander.info,+1-853-440-0127,India,True,2023-06-25 08:43:37,South Asia
822,Diaz and Sons,Kim James,floresterri@simpson-white.biz,(739)884-7422,United States,True,2020-06-14 14:52:27,North America
823,Wilson-Lambert,Karen Thomas,cody75@mcdaniel.com,001-978-271-8882x237,United States,True,2022-11-08 03:09:47,North America
824,Rose-Fowler,Alexandra Ho,jasonshaw@miranda-kennedy.com,684-916-8061x34956,United Kingdom,True,2020-05-06 07:22:37,Europe
825,"Price, Long and Wilson",Michael Nixon,ashleymoore@lee.com,001-899-584-6058x6794,Australia,True,2021-04-26 08:51:30,Asia Pacific
826,Bruce-Williamson,Amanda Hardin,chelseamoore@zavala.com,+1-483-809-7236x10809,Italy,True,2023-02-23 12:48:13,Europe
827,"Mccarthy, Evans and Mendez",Tina Reynolds,sarahkennedy@wood-torres.com,766-920-1655,United States,True,2023-07-17 08:10:52,North America
828,Powers LLC,Shannon Rogers,shannon69@farmer-smith.biz,+1-486-645-7865x55751,United States,False,2019-07-15 03:01:32,North America
829,Allen Inc,Brett Pena,schmittmichael@proctor.com,464.600.0687x5868,Japan,True,2021-12-02 16:57:56,Asia Pacific
830,Brooks and Sons,Raymond Curry,jasonmoran@wall-johnson.biz,+1-605-316-6545x12244,Canada,True,2019-04-18 15:25:08,North America
831,"Price, Carlson and Andrews",Leah Lee,jnguyen@gonzalez.com,001-289-597-4023x38686,United States,False,2022-06-08 14:35:56,North America
832,Lopez-Reid,Michael White,jonesethan@castillo.com,570-817-0363x09442,Canada,True,2022-11-30 02:32:26,North America
833,"Ellison, Arias and Thompson",Megan Decker,twatts@wright-benitez.org,2206508983,United States,True,2020-11-28 19:46:23,North America
834,Burns and Sons,Brent Garcia,dbrown@cooper.com,001-913-449-0961x9797,United States,True,2021-06-04 04:12:12,North America
835,Edwards Group,Daniel Campbell,ruiznicole@nguyen.biz,252-684-1356x948,Canada,True,2021-07-15 22:39:25,North America
836,"Brown, Howard and Smith",Alexander Davis,morganlawrence@gonzalez.org,607-235-6748x09573,United Kingdom,True,2023-05-05 04:24:28,Europe
837,Lee Group,Mary Houston,angela40@barton.com,398-702-6029x44203,Italy,True,2023-12-26 19:03:50,Europe
838,"Wagner, Simpson and Cohen",Margaret Erickson,rebecca73@morris.info,392.958.4907x34203,United Kingdom,True,2019-02-15 14:41:48,Europe
839,Mckinney-Wallace,Scott Anderson,mason44@adkins.biz,+1-877-648-6759x51418,Australia,False,2023-12-22 17:18:42,Asia Pacific
840,Miller Inc,Stephanie Knight,ffoster@decker.net,+1-382-830-8829x58684,Germany,True,2021-10-17 14:17:27,Europe
841,Carter LLC,Stephanie Dominguez,allen60@marks.com,(633)426-0586,United States,True,2021-08-18 01:36:27,North America
842,Medina and Sons,John Mayer,cynthia19@mccann.net,467.548.3173x066,France,True,2023-01-20 12:29:07,Europe
843,Cunningham-Barton,Tammy Hill,laurenmathis@berry.org,+1-715-618-1788x24265,United States,True,2023-07-11 03:18:22,North America
844,Dunn-Wilson,Steven Carrillo,karenwang@meyers-owens.com,(998)290-6232x72371,Singapore,True,2023-06-25 09:57:28,Asia Pacific
845,Adams PLC,Christopher Jones,charles95@rose-schwartz.biz,(623)979-0065,United States,False,2022-03-29 12:22:04,North America
846,Weaver-Sherman,Janet Cook,moraleskelly@clayton.biz,9848779541,United Kingdom,True,2021-10-15 09:58:41,Europe
847,"Alexander, Robinson and Coleman",Tyler Baker,jonathanwalker@saunders.com,955.339.8188x9073,United States,True,2023-12-20 08:53:06,North America
848,"Greer, Potter and Evans",John Mcfarland,patricia92@mejia.com,(891)457-9089x458,Singapore,True,2021-08-27 07:15:41,Asia Pacific
849,Cole LLC,Cassandra Vasquez,craigferguson@chan.com,(283)984-8876x3802,Canada,True,2022-10-24 02:00:35,North America
850,Gonzales Inc,Randy Robinson,murphyleslie@barrett.com,(312)439-6121x9051,Australia,True,2021-02-17 15:11:40,Asia Pacific
851,Clark Ltd,Susan Baldwin,rogernelson@barton.com,001-288-861-8207,United States,True,2022-07-14 13:23:26,North America
852,"Norris, Callahan and Bishop",Benjamin Duncan,ymartinez@wallace.com,(490)810-7923x7298,Japan,True,2021-02-27 08:33:57,Asia Pacific
853,Martin-Taylor,Jeremy Mosley,cwilliams@gonzalez-wise.org,+1-993-234-8649,United States,True,2020-09-30 20:52:45,North America
854,Li Inc,Martin Fitzpatrick,davisgregory@ramsey.com,850.567.5789,Spain,True,2023-12-18 10:56:01,Europe
855,"Bell, Campbell and Ryan",Deborah Graves,wyang@cowan.com,455.570.7731,United States,True,2020-10-15 02:07:24,North America
856,Werner-Carter,Laura Robertson,timothy81@smith-james.biz,455-350-5705,United States,True,2022-02-06 04:17:08,North America
857,"Adams, Hodge and Duke",Katherine Graham,gnixon@ward-collins.com,579.393.8444x04588,United States,True,2020-06-24 09:56:52,North America
858,"Ochoa, Taylor and Brady",Priscilla Floyd,pbautista@perez-haynes.biz,741-247-0123,Canada,True,2019-08-28 12:47:26,North America
859,Sellers-Riddle,April Finley,rsmith@holland.com,368.271.5689,Australia,True,2019-06-16 03:04:00,Asia Pacific
860,"Martinez, Cline and Wright",Karen Bradley,anneanderson@taylor.com,001-677-697-8023,United States,True,2020-11-15 23:25:22,North America
861,"Morris, Wright and Bridges",Heather Maldonado,carlsonjason@guerrero.com,(868)644-6794x036,Brazil,True,2023-11-09 12:29:09,Latin America
862,Burns-Ray,Mark Benjamin,hthompson@harmon.com,9165329573,Canada,True,2021-09-25 11:53:41,North America
863,Burton-Brooks,Joseph Woodward,natasha12@jimenez.biz,959-575-7292,Canada,True,2023-06-08 04:12:51,North America
864,Schultz Inc,Joe Miranda,regina49@johnson-johnson.com,786-783-0291,United Kingdom,True,2022-04-27 09:18:24,Europe
865,Robertson-Ramirez,Cassandra Williams,jjohnson@williams-bennett.org,001-742-633-2416x518,United Kingdom,False,2021-02-21 23:28:53,Europe
866,Gibson-Freeman,Connor Dominguez,ericsmith@davis.com,+1-639-866-0734,Australia,False,2022-06-09 08:02:02,Asia Pacific
867,"Smith, Schroeder and Oconnor",Lydia Howard,amarshall@alexander.com,346.821.5958x4174,United States,True,2022-07-25 19:25:05,North America
868,"Stanton, Reid and Terry",Mark Moss,thomas42@douglas-diaz.org,370-850-2218,United States,True,2023-10-25 06:39:57,North America
869,Flynn Group,Corey Cortez,woodskaitlyn@gonzalez.com,001-881-241-3447,Mexico,True,2021-10-17 01:58:05,North America
870,Donaldson and Sons,Katherine Brown,donnapaul@powell.com,001-894-683-7740x292,South Korea,True,2021-02-16 21:57:52,Asia Pacific
871,Adams-Clayton,Elizabeth Ferguson,jack45@dickson.org,+1-533-802-6509x96218,United Kingdom,True,2023-06-21 23:57:01,Europe
872,Kelley-Anderson,Joann Forbes,kathleen25@brooks-thomas.com,(877)519-6666x1025,United States,True,2023-03-08 22:11:57,North America
873,Kramer-Shannon,Anthony French,ywelch@petty.com,320-522-2349x980,Germany,True,2023-03-09 06:01:57,Europe
874,Williams Ltd,Bruce Roman,conleyjohn@morris-armstrong.info,001-376-783-6759x0177,United Kingdom,True,2021-11-15 07:10:17,Europe
875,Smith-Noble,Judy Gregory,jacob96@haney-chavez.com,(444)561-4409,United States,True,2023-01-03 06:43:22,North America
876,Alexander Inc,Brittany Riley,rwilson@mack.com,451.874.6564,United States,True,2022-07-23 20:27:01,North America
877,Harris-Barker,Amanda Thomas,matthew78@alvarado-barnett.com,3187637263,Japan,True,2022-03-10 22:17:11,Asia Pacific
878,Khan LLC,Kaitlin Hardin,bryan56@johnson.info,001-669-255-9227x7641,Germany,True,2020-12-08 13:12:21,Europe
879,Baxter LLC,Michael Anderson,martinezjennifer@marks.info,5386502551,United States,True,2022-08-09 18:36:36,North America
880,Pena LLC,Anthony Parker,ftran@white.net,001-944-586-7228x83904,United States,True,2020-04-11 04:21:19,North America
881,Watson Ltd,Joy Jackson,donaldbecker@gonzalez.com,614.554.6157,United States,True,2021-08-11 22:11:38,North America
882,Williams Ltd,Sabrina Rodriguez,annaschmidt@mcbride.net,(951)714-9788,France,True,2023-10-29 17:01:23,Europe
883,Barber-Fischer,Robert Walker PhD,heatherosborn@brooks.com,512.904.0954,United States,True,2020-12-18 19:36:47,North America
884,Rios-Padilla,Robert Hendrix,meganpotter@fernandez.biz,966.518.3085x8001,United States,True,2019-04-03 11:06:19,North America
885,Lewis Inc,Erika Daugherty,joshuahaley@phillips-santana.biz,543-891-5114,Brazil,True,2019-12-05 22:25:00,Latin America
886,Wheeler PLC,Brenda Copeland,imcdonald@hurley.net,886.721.0781x8710,United States,True,2023-12-05 16:25:00,North America
887,"Wallace, Smith and Cooper",Pamela Watkins,jason99@brown.com,(342)757-0680x26933,Germany,True,2022-12-08 12:23:16,Europe
888,Mcneil Group,Bryan Thomas,timothymartin@myers.biz,823-706-0023x028,United States,True,2021-09-13 01:11:58,North America
889,"Anderson, Jones and Reyes",Michael Tran,pvargas@jones-richmond.com,+1-850-952-2411x4206,United States,True,2023-09-23 12:15:00,North America
890,"Shaffer, Garcia and Richardson",Timothy Williams,patriciamartinez@willis.com,2153145992,United States,False,2023-06-05 06:22:52,North America
891,Taylor-Ayala,Ryan Salazar,kathleen01@collins.info,(563)438-2222x4005,Japan,True,2021-11-23 09:39:51,Asia Pacific
892,May Ltd,Alexis Tucker,donnaevans@weaver.info,(220)356-2019,Mexico,True,2022-08-07 22:59:44,North America
893,Jones PLC,Christopher Davis,chadwerner@peterson.biz,534-584-3391,India,True,2023-10-03 05:08:29,South Asia
894,Bishop and Sons,Stacie Butler,daniel76@jackson.info,+1-825-628-6132x3945,United Kingdom,True,2022-07-14 02:31:40,Europe
895,Bell-Lewis,Patricia Schwartz,jeffrey11@morrison.info,623-842-8644x97602,France,True,2020-10-14 02:14:46,Europe
896,"Hernandez, Jenkins and Parks",Mark Mills,ofisher@grimes.com,(734)420-9536x77349,United States,True,2023-11-11 17:36:02,North America
897,Miller Inc,Todd Bishop,danielle56@huff.com,+1-373-656-1526x655,United States,True,2022-03-18 10:12:45,North America
898,Goodwin PLC,Christopher Porter,fsanchez@garza.com,962.753.8096x6414,Spain,True,2021-11-15 21:04:54,Europe
899,"Cruz, Richmond and Edwards",Lori Patton,osbornmargaret@castro-monroe.biz,836.895.2474,United States,True,2021-08-14 19:10:10,North America
900,Wright Ltd,Aaron Young,gwilliams@massey.com,001-453-653-8962x9853,United States,True,2019-12-02 04:09:23,North America
901,Wright PLC,Joseph Davis,levyjohn@chambers.biz,367.492.4157,United States,True,2020-07-07 18:51:21,North America
902,"Griffith, Mitchell and Pugh",Philip Fernandez,reedkristin@berry-mills.biz,+1-876-538-3543x4685,United States,True,2023-06-27 21:12:43,North America
903,Abbott Ltd,Randy Hopkins,bcaldwell@bradley.com,+1-390-861-6824x97939,United States,True,2019-12-14 18:40:44,North America
904,Harris-Lawson,Cory Hogan,carterrobert@daniel.com,953-381-1683,Australia,True,2021-04-13 14:52:25,Asia Pacific
905,Adkins LLC,Tracy Wells,michael34@bowers-nguyen.com,9304737260,United Kingdom,True,2022-12-29 15:45:12,Europe
906,"Brown, Hurst and Blevins",Michael Williams,jasontownsend@wong.com,001-501-348-9678x08264,Spain,True,2019-07-25 23:49:00,Europe
907,Cruz-Allen,Dominique Hamilton,vgates@jensen-singh.com,(414)763-9476,India,False,2023-08-19 08:14:23,South Asia
908,"Wheeler, Rice and Levine",Robert Chang,maria11@sullivan.biz,+1-942-492-6456x3391,United States,True,2020-05-31 03:41:09,North America
909,Peck-Anderson,Patrick Buckley,josephzimmerman@rogers-kim.com,001-899-840-3694x8112,United States,True,2021-09-23 14:55:34,North America
910,"Fisher, Payne and Thompson",Richard Washington,susanmorris@lopez.net,001-549-771-9670x683,United Kingdom,True,2021-05-01 11:06:23,Europe
911,Best-Townsend,Steven Griffith,katherine82@montgomery-jones.com,291.301.6125,Australia,True,2020-01-28 22:39:27,Asia Pacific
912,Matthews Inc,Erika Gonzalez,dawsonrobin@sullivan.net,(539)994-9013x3344,United States,True,2019-05-29 02:27:35,North America
913,Lewis-Livingston,Erika Maxwell,randy61@olsen.org,+1-367-834-8140x98410,Germany,False,2023-01-25 22:31:15,Europe
914,Hunter-Fuller,Brent Rojas,nguyenjeffrey@sanchez.com,393.201.4811x6049,United Kingdom,True,2023-12-19 13:34:39,Europe
915,"Wang, Henderson and Morales",Jaime Walker,simpsonmartha@sanchez.info,3428028866,Australia,True,2020-12-13 16:14:15,Asia Pacific
916,"Herrera, Jensen and Ramirez",John Zamora,dustinphillips@mathews.info,+1-301-599-0342,United Kingdom,True,2022-06-16 18:47:58,Europe
917,Miller-Mccall,Timothy Gibson,khawkins@gutierrez.org,885-248-4203x531,United States,True,2023-10-01 05:35:16,North America
918,Herrera Group,Chad Cortez,yburton@green.com,001-779-917-9138x601,South Korea,True,2023-06-12 03:20:50,Asia Pacific
919,"Walters, Davenport and Becker",Vanessa Harris,pwood@fernandez-jones.com,217-413-2194,Brazil,True,2021-10-10 06:05:53,Latin America
920,Collins Group,Michael Brown,michelle38@anderson.net,670-728-8141x1287,United States,True,2021-11-25 18:00:14,North America
921,"Ashley, Allen and Sanchez",Samuel Ellis,gnichols@perez.net,(971)893-6785,Mexico,True,2021-12-13 16:03:15,North America
922,Wilson-Salazar,Greg Tanner,stevenandrews@stevens.info,863-391-3810x7491,Canada,True,2023-06-28 15:10:14,North America
923,Parker Ltd,Rachel Little,kbrown@castro.com,001-342-532-1540,Spain,True,2023-11-29 14:43:56,Europe
924,"Yang, Wilson and Zimmerman",Carolyn Cordova,thomas21@gomez.com,853-350-6962,Brazil,True,2020-05-31 21:25:33,Latin America
925,"Smith, Crawford and Reed",Angelica Vincent,reevestravis@duran.info,(684)955-2527x41025,United Kingdom,True,2021-12-27 07:36:10,Europe
926,"Logan, Le and Jackson",Zachary Vargas PhD,amanda45@hudson.biz,001-617-598-9948x8566,United States,True,2023-01-14 18:22:00,North America
927,Brady LLC,Nicholas Fitzgerald,katiebaird@edwards.com,8055195675,United States,True,2023-09-18 07:28:14,North America
928,"Tanner, Wise and Johnson",Garrett Riley,hamptonchad@moreno.com,(458)742-2717x266,Australia,True,2023-10-24 17:20:25,Asia Pacific
929,Nelson-Brown,Leslie Hernandez,johnguzman@houston.info,(550)246-0700x1441,Germany,True,2023-10-24 15:47:50,Europe
930,"Proctor, Burton and Crawford",Abigail Baird,riveraclinton@berry-rush.biz,(286)624-0871x0066,United States,True,2021-03-18 19:44:03,North America
931,"Ward, Porter and Bradley",John Mack,ejames@boone.com,001-717-428-2076x23811,United States,True,2022-12-26 18:44:42,North America
932,Moore-Ayala,Joseph Mendoza,michael64@davis-green.com,(632)282-2282,India,True,2022-03-20 09:48:04,South Asia
933,"Craig, Wilson and Yang",Samantha Chavez,michaelholland@morgan.net,+1-647-252-8359,Singapore,True,2019-09-29 16:26:34,Asia Pacific
934,Williams Inc,Justin Smith,andrew90@brown.net,5417084791,Canada,True,2022-04-08 12:38:12,North America
935,Williams LLC,Tiffany Anderson,smithpaul@marsh.org,413-450-5357,United States,True,2023-05-16 12:39:09,North America
936,Mora-White,Matthew Davis,michele23@oliver.com,001-589-220-6415x78097,United States,True,2020-08-08 06:12:10,North America
937,Tran Ltd,Eric Warner,wigginsrita@brooks.com,(780)510-4194,United States,True,2023-07-09 09:22:17,North America
938,"Rios, Walker and Wright",Nicole Johnson,lisawallace@williams.com,619-452-8144x7867,Italy,True,2022-03-14 01:58:33,Europe
939,"Flores, Mckenzie and Duncan",Raymond Sawyer,savannah15@white.info,+1-802-518-8930,United States,True,2023-03-16 03:15:38,North America
940,Shaw Inc,Richard Wood,carrieosborn@pace-mcfarland.net,001-957-680-3789x12139,Australia,True,2019-07-01 05:29:40,Asia Pacific
941,Walker PLC,Mark Dalton,hbowers@spencer.com,769.990.5585,United States,True,2021-11-13 23:03:41,North America
942,Finley Inc,Steven Cook,zlopez@howard.org,(899)240-8429x069,Australia,True,2022-12-11 17:39:49,Asia Pacific
943,Cline-Ayala,Jeffery Nelson,abbottchristopher@flores.net,001-845-728-9860x610,Germany,True,2021-02-22 22:15:22,Europe
944,Murphy-Tran,Kimberly Norton,psherman@campbell.info,(873)337-4570x16527,India,True,2023-06-22 05:30:06,South Asia
945,Wood LLC,Angela Gilmore,kellysims@graham-miller.com,768.514.9802,United States,True,2023-02-26 22:52:58,North America
946,"Mueller, Stevenson and Sanchez",Amy Dougherty,jgarcia@lynch-torres.com,+1-608-643-7699x2964,United States,True,2020-01-13 16:41:38,North America
947,Vargas-Snyder,Stacy Rodriguez,rosebobby@parker.org,572.650.8423x242,United States,True,2022-10-24 13:24:02,North America
948,Oconnor PLC,Manuel Diaz,daniellestevenson@johnson.com,300.741.7241x55369,Spain,True,2022-09-06 23:43:11,Europe
949,Hernandez Group,Justin Jones,colongabrielle@rodgers-warren.com,+1-955-874-9062,Netherlands,True,2021-03-27 10:11:06,Europe
950,Hall LLC,Christine Zavala,erin03@bryant.com,5244257033,Australia,True,2023-04-15 18:25:48,Asia Pacific
951,"Franco, Wiley and Tapia",Brian Mendoza,charles37@duncan.com,+1-859-545-2315x828,Germany,True,2023-01-30 01:36:25,Europe
952,Blake Group,Lauren Haley,weeksjamie@wilson.com,3409296629,France,True,2022-11-05 02:47:32,Europe
953,"Acosta, Garcia and Moreno",Patrick Perez,valerieserrano@lowery-morales.com,(617)342-9220,United States,True,2023-12-20 10:32:36,North America
954,Barnes Inc,Derek Frazier,carolhowell@macias-henderson.org,(278)821-5392x66937,Italy,True,2022-03-18 05:27:47,Europe
955,Dawson Inc,Arthur Reed,jamie46@smith.com,225.603.1392,United Kingdom,False,2023-04-01 13:08:14,Europe
956,Morse PLC,Mr. Bryan Mckinney,aking@schwartz.com,+1-250-322-0619,United Kingdom,False,2022-12-30 18:11:01,Europe
957,Haynes-Watson,Kim Carter,chadwilson@barrera.com,001-933-335-9379,Canada,True,2023-12-13 15:04:40,North America
958,"Miller, Davis and Anderson",Rebecca Dougherty,amandajackson@scott.biz,+1-400-700-2956x162,United States,True,2023-07-19 20:53:06,North America
959,Jones-Bradley,Teresa Jones,amanda49@rodriguez-wilson.com,(447)518-5594x0799,United States,True,2021-01-19 21:51:31,North America
960,Bates-Anderson,Judith Miller,peterstyler@holmes.info,9453323167,Japan,True,2023-01-22 23:53:03,Asia Pacific
961,Green-Edwards,Donna Frye,orodriguez@whitaker.com,556-347-4370x1945,United States,True,2020-09-01 06:27:19,North America
962,Haynes-Moss,Donald Terry,allenchristina@rodgers-ramos.com,477-966-6505,Germany,True,2021-06-03 07:55:49,Europe
963,Chavez-Hall,Shaun Meyer DDS,kaylahardy@carroll.com,+1-861-320-9281x5780,United States,True,2021-01-21 18:34:52,North America
964,Taylor PLC,Wayne Weaver,sandra57@valenzuela.biz,001-890-922-3116x7870,United Kingdom,True,2023-09-14 19:04:35,Europe
965,Moore and Sons,Gregory Wallace,shernandez@brown.info,+1-463-353-2237x1859,United States,True,2023-01-05 15:33:31,North America
966,Owens-Russell,Dorothy Brown,savagechad@guzman.net,(368)348-5637,United Kingdom,True,2023-11-28 21:45:27,Europe
967,"Howard, Townsend and Hayes",Crystal Meza,douglasbrandt@rodriguez.biz,429-543-0003x7539,Japan,True,2023-05-15 06:33:12,Asia Pacific
968,Baker-Wilson,Jennifer Cooper,montgomerygeoffrey@wood-thomas.com,001-513-424-6598x669,United States,True,2022-01-06 08:12:00,North America
969,Aguirre LLC,Erin Watkins,adamsmith@cervantes.com,584.417.8376x5915,Australia,True,2023-09-02 12:38:59,Asia Pacific
970,"Terry, Williams and Huff",Sarah Wallace,kathleenjohnson@jones.org,8116406526,Canada,True,2022-06-09 00:41:55,North America
971,Hernandez-Dawson,Carlos Clarke,ncampbell@cole-adkins.info,(667)735-1272,France,True,2021-12-13 07:44:34,Europe
972,Foster-Williams,David Washington,michael77@gibson.com,(933)675-6569x764,South Korea,True,2020-08-11 23:47:47,Asia Pacific
973,Green-Ewing,Patricia Williams,justinsimon@kidd-macias.com,001-262-624-9451,Japan,True,2023-05-07 21:57:29,Asia Pacific
974,Crane Group,Jesus Jackson,reynoldskevin@stevens.net,(425)206-9296x56851,United States,True,2023-10-15 03:13:53,North America
975,"Adkins, Wright and Murray",Michelle Mitchell,vanessamartinez@gomez.biz,(627)667-2935x09793,United States,True,2021-05-11 02:10:35,North America
976,Martinez Inc,Sara Schwartz,cquinn@ford-morgan.biz,(412)491-4650,United States,False,2019-12-11 02:41:56,North America
977,Anderson Group,Brittany Young,jenniferharris@marquez.com,947.478.0457,Australia,True,2023-06-25 21:37:54,Asia Pacific
978,Parks-Pace,Eugene Martinez,rachel86@schneider-lewis.com,(318)640-7033x982,United States,True,2019-08-29 12:03:24,North America
979,Aguilar LLC,Cody Hart,prodriguez@evans-wall.org,882.933.7209x451,Canada,True,2023-01-13 07:52:15,North America
980,Johnson Inc,Evan Cooper,nwilliams@arnold-moore.biz,(370)463-6328x6301,Australia,True,2023-07-09 06:32:57,Asia Pacific
981,Orr Group,Joshua Martin,cwhite@benson.org,(600)584-8426,United States,True,2021-11-25 00:06:18,North America
982,Davis LLC,Thomas Sullivan,joshuareese@hammond.com,836.979.6082,Brazil,True,2020-11-27 15:55:00,Latin America
983,Williams Group,Mr. Jimmy Flores Jr.,robertmcdonald@anderson.org,001-713-860-5494x6920,United States,True,2023-04-14 05:40:04,North America
984,Jackson PLC,Vanessa Rivera,lowekristin@smith.com,790-213-2495x193,United States,True,2023-04-09 06:07:50,North America
985,Underwood-Foster,Kara Roberts,edwardsrachel@manning.com,+1-201-515-4617x5808,Japan,True,2022-11-27 11:36:21,Asia Pacific
986,Reyes Group,Veronica Berry,coxregina@conway.com,889.804.4104x04315,Canada,True,2023-12-03 22:50:23,North America
987,Gomez and Sons,Keith Meadows,kevin82@martin.net,751.735.3814x83747,France,True,2019-02-16 08:09:42,Europe
988,Ramirez-Stephenson,Michael Dennis,jmoore@harrison.com,903.909.0168x56471,United Kingdom,True,2022-07-01 10:42:44,Europe
989,Mendez PLC,Brenda Pierce,beckdwayne@davis-williams.biz,+1-840-519-0271,United States,True,2023-06-24 09:56:51,North America
990,Holland Group,James Randall,kgray@willis.info,916.811.5866x8611,India,True,2023-12-18 20:14:36,South Asia
991,Andrade-Mendoza,Brandon Brown,sethsmith@potts-knight.com,259.783.3261x705,Brazil,True,2020-02-02 00:37:52,Latin America
992,Ramirez and Sons,Lauren Walker,tannercasey@hanson.biz,+1-735-834-5819,France,True,2023-04-12 17:14:35,Europe
993,Gonzalez-Wilkerson,Diana Johnson,danieldonovan@gonzalez.com,472-885-3533x99824,United States,True,2022-11-08 03:04:35,North America
994,"Wright, Mcknight and Stephens",Jill Powers,carrie70@vance.com,(821)977-5801x5846,Australia,True,2021-01-21 04:28:03,Asia Pacific
995,Mayo Ltd,Jorge Lee,williamhendrix@burns.com,+1-930-830-2853x272,United Kingdom,True,2020-08-03 08:18:35,Europe
996,Castillo-Harrington,Larry Harding,jackiebaker@morgan-nelson.info,(698)834-5150x25285,United States,True,2023-07-25 16:53:51,North America
997,Durham-Shaw,Heather Hernandez,cookanthony@smith.com,930-487-3089,Italy,False,2020-06-21 02:50:52,Europe
998,Nelson-Johnson,Jaclyn Watson,cjames@powers.net,001-607-438-2777x7118,United States,True,2021-06-02 15:09:17,North America
999,"Robinson, Huang and Osborne",Gregory Madden,vrussell@hahn.com,227-486-3090x07121,Singapore,True,2021-08-25 04:11:49,Asia Pacific
1000,Stokes Group,Anita Luna,tracyadams@sellers-miller.com,001-942-334-4730x577,United Kingdom,True,2023-03-01 15:53:15,Europe
